hero_id,num_matches_picked,num_matches_won,matches_won_perc,ancient_kills,buyback_count,camps_stacked,courier_kills,creeps_stacked,deaths,denies,hero_damage,hero_healing,hero_kills,kills,lane_kills,necronomicon_kills,neutral_kills,observer_kills,observer_uses,roshan_kills,rune_pickups,sentry_kills,sentry_uses,total_gold,total_xp,tower_damage,tower_kills,attack_type,id,localized_name,name,primary_attr,roles,carry,disabler,durable,escape,initiator,jungler,nuker,pusher,support,num_matches_banned,sum_pickbans
1,13,5,0.38461538461538464,26.46153846153846,0.38461538461538464,0.7692307692307693,0.07692307692307693,2.6153846153846154,3.8461538461538463,12.153846153846153,17208.846153846152,0.0,6.384615384615385,6.384615384615385,208.69230769230768,0.38461538461538464,128.92307692307693,0.7692307692307693,0.07692307692307693,0.23076923076923078,6.0,0.23076923076923078,0.07692307692307693,22182.846153846152,23344.076923076922,2790.076923076923,1.3846153846153846,Melee,1,Anti-Mage,npc_dota_hero_antimage,agi,carry;escape;nuker,1,0,0,1,0,0,1,0,0,8,21
2,71,30,0.4225352112676056,11.929577464788732,0.8732394366197183,1.9154929577464788,0.056338028169014086,5.915492957746479,6.746478873239437,5.816901408450704,18099.88732394366,33.732394366197184,6.549295774647887,6.492957746478873,106.7605633802817,0.43661971830985913,62.816901408450704,0.3380281690140845,0.08450704225352113,0.07042253521126761,5.253521126760563,0.352112676056338,0.09859154929577464,16004.478873239437,18219.661971830985,238.1549295774648,0.23943661971830985,Melee,2,Axe,npc_dota_hero_axe,str,initiator;durable;disabler;jungler,0,1,1,0,1,1,0,0,0,83,154
3,173,98,0.5664739884393064,0.21965317919075145,0.8554913294797688,1.1791907514450868,0.017341040462427744,3.838150289017341,7.716763005780347,4.219653179190751,8138.612716763006,116.76300578034682,2.7976878612716765,2.791907514450867,18.335260115606935,0.06936416184971098,4.872832369942197,2.7745664739884393,8.971098265895954,0.023121387283236993,5.341040462427745,1.953757225433526,7.531791907514451,9571.843930635838,13958.936416184972,200.52023121387282,0.16184971098265896,Ranged,3,Bane,npc_dota_hero_bane,int,support;disabler;nuker;durable,0,1,1,0,0,0,1,0,1,145,318
4,88,46,0.5227272727272727,16.068181818181817,0.5340909090909091,0.9318181818181818,0.022727272727272728,2.147727272727273,4.795454545454546,18.545454545454547,23572.659090909092,1254.7613636363637,8.761363636363637,8.613636363636363,198.61363636363637,0.18181818181818182,77.05681818181819,0.5568181818181818,0.1590909090909091,0.3977272727272727,4.034090909090909,0.625,0.13636363636363635,21763.511363636364,22334.704545454544,2317.7727272727275,1.4545454545454546,Melee,4,Bloodseeker,npc_dota_hero_bloodseeker,agi,carry;disabler;jungler;nuker;initiator,1,1,0,0,1,1,1,0,0,177,265
5,60,31,0.5166666666666667,0.5166666666666667,0.6666666666666666,1.15,0.0,3.25,7.033333333333333,1.7333333333333334,10780.15,341.78333333333336,2.3666666666666667,2.35,38.35,0.16666666666666666,17.833333333333332,2.716666666666667,6.6,0.0,3.433333333333333,2.8666666666666667,7.5,11249.6,13728.333333333334,160.33333333333334,0.08333333333333333,Ranged,5,Crystal Maiden,npc_dota_hero_crystal_maiden,int,support;disabler;nuker;jungler,0,1,0,0,0,1,1,0,1,40,100
6,51,33,0.6470588235294118,30.764705882352942,0.47058823529411764,1.607843137254902,0.058823529411764705,3.7450980392156863,4.313725490196078,13.03921568627451,14354.117647058823,37.35294117647059,6.0588235294117645,5.862745098039215,146.92156862745097,0.2549019607843137,120.94117647058823,0.43137254901960786,0.17647058823529413,0.49019607843137253,3.980392156862745,0.6862745098039216,0.13725490196078433,20197.56862745098,21268.647058823528,4342.588235294118,1.803921568627451,Ranged,6,Drow Ranger,npc_dota_hero_drow_ranger,agi,carry;disabler;pusher,1,1,0,0,0,0,0,1,0,94,145
7,72,35,0.4861111111111111,0.5972222222222222,0.5694444444444444,0.6805555555555556,0.027777777777777776,1.9305555555555556,5.444444444444445,2.4166666666666665,12158.152777777777,19.77777777777778,3.4166666666666665,3.3472222222222223,51.15277777777778,0.041666666666666664,13.444444444444445,0.875,2.5694444444444446,0.041666666666666664,7.25,0.5694444444444444,1.8888888888888888,11228.763888888889,15375.902777777777,264.0138888888889,0.2916666666666667,Melee,7,Earthshaker,npc_dota_hero_earthshaker,str,support;initiator;disabler;nuker,0,1,0,0,1,0,1,0,1,24,96
8,32,13,0.40625,25.9375,0.28125,0.59375,0.03125,1.625,3.65625,14.9375,22217.15625,6137.8125,7.9375,7.9375,234.125,0.15625,107.34375,0.1875,0.0625,0.59375,5.5,0.1875,0.03125,23697.21875,23696.21875,3978.84375,2.5625,Melee,8,Juggernaut,npc_dota_hero_juggernaut,agi,carry;pusher;escape,1,0,0,1,0,0,0,1,0,19,51
9,154,92,0.5974025974025974,10.363636363636363,0.45454545454545453,0.7402597402597403,0.045454545454545456,1.6948051948051948,3.5194805194805197,12.75974025974026,21888.123376623378,92.41558441558442,9.493506493506494,9.214285714285714,172.80519480519482,0.33766233766233766,75.00649350649351,0.6818181818181818,0.15584415584415584,0.35064935064935066,7.467532467532467,0.8766233766233766,0.21428571428571427,20576.214285714286,21775.448051948053,2800.818181818182,1.5454545454545454,Ranged,9,Mirana,npc_dota_hero_mirana,agi,carry;support;escape;nuker;disabler,1,1,0,1,0,0,1,0,1,126,280
10,82,41,0.5,19.426829268292682,0.43902439024390244,0.36585365853658536,0.0975609756097561,0.8414634146341463,3.3658536585365852,22.5,21313.158536585364,84.02439024390245,8.28048780487805,8.207317073170731,230.09756097560975,0.24390243902439024,89.2439024390244,0.4268292682926829,0.04878048780487805,0.5975609756097561,4.963414634146342,0.5853658536585366,0.024390243902439025,22950.170731707316,22475.536585365855,5054.073170731707,2.426829268292683,Ranged,10,Morphling,npc_dota_hero_morphling,agi,carry;escape;durable;nuker;disabler,1,1,1,1,0,0,1,0,0,142,224
11,37,20,0.5405405405405406,17.945945945945947,0.40540540540540543,1.3243243243243243,0.05405405405405406,3.3783783783783785,3.972972972972973,23.89189189189189,23310.864864864863,20.972972972972972,9.162162162162161,9.08108108108108,238.40540540540542,0.2972972972972973,132.48648648648648,0.6756756756756757,0.43243243243243246,0.5945945945945946,7.972972972972973,0.6216216216216216,0.1891891891891892,25323.837837837837,24625.27027027027,4541.027027027027,2.8378378378378377,Ranged,11,Shadow Fiend,npc_dota_hero_nevermore,agi,carry;nuker,1,0,0,0,0,0,1,0,0,43,80
12,134,68,0.5074626865671642,27.69402985074627,0.44776119402985076,0.1865671641791045,0.07462686567164178,0.44776119402985076,3.843283582089552,11.67910447761194,20847.798507462685,14.850746268656716,7.425373134328358,7.380597014925373,215.83582089552237,0.2835820895522388,109.52985074626865,0.6343283582089553,0.08208955223880597,0.40298507462686567,5.529850746268656,0.7686567164179104,0.029850746268656716,23892.276119402984,23684.074626865673,3982.9776119402986,2.208955223880597,Melee,12,Phantom Lancer,npc_dota_hero_phantom_lancer,agi,carry;escape;pusher;nuker,1,0,0,1,0,0,1,1,0,316,450
13,43,16,0.37209302325581395,0.7209302325581395,0.5581395348837209,0.46511627906976744,0.046511627906976744,1.2093023255813953,3.86046511627907,11.488372093023257,16439.95348837209,25.790697674418606,4.8604651162790695,4.953488372093023,200.4418604651163,0.11627906976744186,18.558139534883722,0.6976744186046512,0.5348837209302325,0.11627906976744186,8.930232558139535,0.3953488372093023,0.18604651162790697,17929.13953488372,19387.976744186046,861.0,0.5116279069767442,Ranged,13,Puck,npc_dota_hero_puck,int,initiator;disabler;escape;nuker,0,1,0,1,1,0,1,0,0,38,81
14,9,6,0.6666666666666666,0.8888888888888888,0.7777777777777778,0.1111111111111111,0.0,0.2222222222222222,8.666666666666666,3.0,12602.0,149.77777777777777,6.555555555555555,6.666666666666667,56.666666666666664,0.1111111111111111,12.666666666666666,0.5555555555555556,1.3333333333333333,0.0,7.0,0.1111111111111111,0.7777777777777778,11565.888888888889,14432.111111111111,136.0,0.1111111111111111,Melee,14,Pudge,npc_dota_hero_pudge,str,disabler;initiator;durable;nuker,0,1,1,0,1,0,1,0,0,12,21
15,61,29,0.47540983606557374,9.60655737704918,0.639344262295082,1.2295081967213115,0.03278688524590164,2.8688524590163933,5.344262295081967,20.147540983606557,24340.27868852459,11.934426229508198,7.983606557377049,7.967213114754099,220.63934426229508,0.09836065573770492,75.1311475409836,0.4262295081967213,0.2459016393442623,0.21311475409836064,5.262295081967213,0.4426229508196721,0.09836065573770492,22250.754098360656,23871.918032786885,2579.3278688524592,1.5245901639344261,Ranged,15,Razor,npc_dota_hero_razor,agi,carry;durable;nuker;pusher,1,0,1,0,0,0,1,1,0,115,176
16,190,85,0.4473684210526316,0.32105263157894737,0.7315789473684211,0.968421052631579,0.021052631578947368,2.9,6.315789473684211,2.8263157894736843,10813.684210526315,118.76842105263158,3.0631578947368423,3.0631578947368423,88.55263157894737,0.12105263157894737,13.142105263157895,0.968421052631579,2.8421052631578947,0.031578947368421054,7.868421052631579,0.5473684210526316,1.0210526315789474,12921.668421052631,16484.18947368421,150.8684210526316,0.1,Melee,16,Sand King,npc_dota_hero_sand_king,str,initiator;disabler;support;nuker;escape;jungler,0,1,0,1,1,1,1,0,1,139,329
17,84,37,0.44047619047619047,4.916666666666667,0.5952380952380952,0.9285714285714286,0.023809523809523808,2.3452380952380953,4.904761904761905,6.833333333333333,23790.04761904762,49.714285714285715,8.785714285714286,8.761904761904763,198.72619047619048,0.23809523809523808,102.30952380952381,0.4523809523809524,0.4642857142857143,0.2261904761904762,10.880952380952381,0.32142857142857145,0.11904761904761904,21843.571428571428,23987.571428571428,1201.1666666666667,0.75,Ranged,17,Storm Spirit,npc_dota_hero_storm_spirit,int,carry;escape;nuker;initiator;disabler,1,1,0,1,1,0,1,0,0,76,160
18,10,7,0.7,29.3,0.1,1.9,0.0,6.5,3.2,8.4,14780.9,157.0,6.5,6.5,141.8,1.4,102.5,1.3,0.2,0.3,5.0,0.0,0.2,19229.3,21120.3,4757.4,2.3,Melee,18,Sven,npc_dota_hero_sven,str,carry;disabler;initiator;durable;nuker,1,1,1,0,1,0,1,0,0,5,15
19,128,51,0.3984375,7.0390625,0.59375,0.625,0.0859375,1.78125,4.9765625,12.078125,20629.484375,70.3671875,7.6640625,7.6171875,164.328125,0.046875,48.8046875,0.515625,0.515625,0.21875,7.703125,0.2734375,0.2109375,18268.875,20278.90625,2243.2109375,1.40625,Melee,19,Tiny,npc_dota_hero_tiny,str,carry;nuker;pusher;initiator;durable;disabler,1,1,1,0,1,0,1,1,0,160,288
20,118,62,0.5254237288135594,1.8644067796610169,0.9067796610169492,1.3898305084745763,0.01694915254237288,4.245762711864407,8.059322033898304,4.466101694915254,11731.372881355932,599.457627118644,2.652542372881356,2.610169491525424,39.40677966101695,0.03389830508474576,12.847457627118644,2.2288135593220337,6.084745762711864,0.0847457627118644,4.38135593220339,2.26271186440678,4.686440677966102,10816.940677966102,14391.940677966102,517.3474576271186,0.2711864406779661,Ranged,20,Vengeful Spirit,npc_dota_hero_vengefulspirit,agi,support;initiator;disabler;nuker;escape,0,1,0,1,1,0,1,0,1,47,165
21,136,61,0.4485294117647059,1.3235294117647058,0.6176470588235294,0.8823529411764706,0.08088235294117647,2.5220588235294117,5.345588235294118,7.286764705882353,15972.720588235294,201.75735294117646,5.507352941176471,5.477941176470588,107.06617647058823,0.08088235294117647,20.147058823529413,1.0588235294117647,2.6029411764705883,0.15441176470588236,6.411764705882353,0.9558823529411765,1.9705882352941178,14251.60294117647,16357.161764705883,932.2941176470588,0.5147058823529411,Ranged,21,Windranger,npc_dota_hero_windrunner,int,carry;support;disabler;escape;nuker,1,1,0,1,0,0,1,0,1,69,205
22,43,22,0.5116279069767442,1.9069767441860466,0.6744186046511628,0.9767441860465116,0.0,2.697674418604651,5.1395348837209305,8.0,40758.0,82.79069767441861,7.046511627906977,6.953488372093023,181.11627906976744,0.37209302325581395,37.46511627906977,2.883720930232558,0.7906976744186046,0.046511627906976744,7.976744186046512,1.441860465116279,0.046511627906976744,19384.372093023256,24074.04651162791,131.13953488372093,0.09302325581395349,Ranged,22,Zeus,npc_dota_hero_zuus,int,nuker,0,0,0,0,0,0,1,0,0,25,68
23,96,51,0.53125,8.614583333333334,0.6041666666666666,0.5208333333333334,0.020833333333333332,1.3541666666666667,4.520833333333333,13.302083333333334,22044.28125,314.3333333333333,6.625,6.5625,190.29166666666666,0.5416666666666666,50.197916666666664,0.6041666666666666,0.5416666666666666,0.22916666666666666,7.197916666666667,0.65625,0.7604166666666666,19843.708333333332,21808.21875,1437.5729166666667,0.9583333333333334,Melee,23,Kunkka,npc_dota_hero_kunkka,str,carry;support;disabler;initiator;durable;nuker,1,1,1,0,1,0,1,0,1,122,218
25,148,75,0.5067567567567568,17.58108108108108,0.5472972972972973,1.0945945945945945,0.02027027027027027,2.635135135135135,5.351351351351352,10.304054054054054,20993.506756756757,46.7972972972973,8.31081081081081,8.22972972972973,193.36486486486487,0.0945945945945946,103.81756756756756,0.6216216216216216,0.7364864864864865,0.42567567567567566,7.77027027027027,0.6891891891891891,0.5743243243243243,22117.337837837837,23794.27027027027,3441.5810810810813,1.7432432432432432,Ranged,25,Lina,npc_dota_hero_lina,int,support;carry;nuker;disabler,1,1,0,0,0,0,1,0,1,119,267
26,58,28,0.4827586206896552,0.6896551724137931,0.6379310344827587,1.3275862068965518,0.017241379310344827,4.362068965517241,7.344827586206897,2.9655172413793105,8001.448275862069,63.62068965517241,2.8793103448275863,2.8793103448275863,30.17241379310345,0.0,12.689655172413794,2.206896551724138,7.051724137931035,0.017241379310344827,6.431034482758621,1.5172413793103448,4.741379310344827,10559.293103448275,12863.879310344828,191.1206896551724,0.1896551724137931,Ranged,26,Lion,npc_dota_hero_lion,int,support;disabler;nuker;initiator,0,1,0,0,1,0,1,0,1,10,68
27,29,16,0.5517241379310345,0.3793103448275862,0.5862068965517241,0.8620689655172413,0.06896551724137931,2.3793103448275863,7.482758620689655,3.206896551724138,9744.551724137931,201.0,2.9310344827586206,2.9310344827586206,48.275862068965516,0.034482758620689655,15.586206896551724,1.4137931034482758,5.448275862068965,0.034482758620689655,4.103448275862069,2.0344827586206895,5.413793103448276,10554.172413793103,14267.586206896553,1821.344827586207,0.6551724137931034,Ranged,27,Shadow Shaman,npc_dota_hero_shadow_shaman,int,support;pusher;disabler;nuker;initiator,0,1,0,0,1,0,1,1,1,13,42
28,35,19,0.5428571428571428,1.2285714285714286,0.45714285714285713,0.6857142857142857,0.05714285714285714,2.1714285714285713,5.285714285714286,7.428571428571429,7993.542857142857,52.371428571428574,2.8857142857142857,2.8857142857142857,56.48571428571429,0.02857142857142857,16.0,0.8571428571428571,1.5142857142857142,0.0,8.485714285714286,0.4857142857142857,0.7714285714285715,10739.742857142857,13700.57142857143,261.2,0.3142857142857143,Melee,28,Slardar,npc_dota_hero_slardar,str,carry;durable;initiator;disabler;escape,1,1,1,1,1,0,0,0,0,11,46
29,39,19,0.48717948717948717,3.4615384615384617,0.358974358974359,0.6410256410256411,0.0,1.6666666666666667,4.128205128205129,6.128205128205129,11987.25641025641,797.2051282051282,2.6666666666666665,2.6666666666666665,120.12820512820512,0.1794871794871795,33.282051282051285,0.8205128205128205,0.23076923076923078,0.05128205128205128,5.128205128205129,0.3333333333333333,0.3076923076923077,14454.48717948718,18100.666666666668,965.3333333333334,0.6666666666666666,Melee,29,Tidehunter,npc_dota_hero_tidehunter,str,initiator;durable;disabler;nuker,0,1,1,0,1,0,1,0,0,32,71
30,141,68,0.48226950354609927,0.4326241134751773,0.723404255319149,1.4042553191489362,0.02127659574468085,4.631205673758865,7.212765957446808,3.4184397163120566,9718.794326241135,3883.432624113475,3.9574468085106385,3.9290780141843973,23.75886524822695,0.09219858156028368,9.46808510638298,2.382978723404255,7.23404255319149,0.0425531914893617,4.716312056737588,1.801418439716312,6.283687943262412,10545.900709219859,12454.219858156028,340.9503546099291,0.2553191489361702,Ranged,30,Witch Doctor,npc_dota_hero_witch_doctor,int,support;nuker;disabler,0,1,0,0,0,0,1,0,1,41,182
31,23,9,0.391304347826087,0.08695652173913043,0.6956521739130435,0.4782608695652174,0.0,1.2608695652173914,6.869565217391305,2.9130434782608696,12114.391304347826,208.8695652173913,3.391304347826087,3.3043478260869565,33.43478260869565,0.21739130434782608,4.695652173913044,2.739130434782609,8.0,0.0,3.0869565217391304,2.5652173913043477,6.6521739130434785,11612.869565217392,15636.434782608696,295.7826086956522,0.34782608695652173,Ranged,31,Lich,npc_dota_hero_lich,int,support;nuker,0,0,0,0,0,0,1,0,1,8,31
32,6,3,0.5,2.0,0.0,0.0,0.3333333333333333,0.0,6.0,16.333333333333332,18456.0,63.333333333333336,8.0,8.0,118.0,0.0,16.833333333333332,0.6666666666666666,1.1666666666666667,0.0,3.8333333333333335,0.8333333333333334,0.5,13792.5,17700.666666666668,393.3333333333333,0.5,Melee,32,Riki,npc_dota_hero_riki,agi,carry;escape;disabler,1,1,0,1,0,0,0,0,0,2,8
33,33,17,0.5151515151515151,3.5454545454545454,0.6060606060606061,0.7272727272727273,0.030303030303030304,1.5757575757575757,4.96969696969697,31.393939393939394,14164.666666666666,321.5151515151515,3.8484848484848486,3.757575757575758,157.0,0.0,66.15151515151516,0.36363636363636365,0.48484848484848486,0.030303030303030304,3.878787878787879,0.42424242424242425,0.2727272727272727,18308.060606060608,17695.090909090908,2558.939393939394,1.4545454545454546,Ranged,33,Enigma,npc_dota_hero_enigma,int,disabler;jungler;initiator;pusher,0,1,0,0,1,1,0,1,0,51,84
34,28,12,0.42857142857142855,4.535714285714286,0.9642857142857143,2.7857142857142856,0.0,6.964285714285714,4.785714285714286,13.535714285714286,44453.32142857143,273.2857142857143,8.214285714285714,8.25,321.07142857142856,0.32142857142857145,94.89285714285714,0.25,0.2857142857142857,0.17857142857142858,4.928571428571429,0.10714285714285714,0.39285714285714285,28011.571428571428,26535.535714285714,57.857142857142854,0.10714285714285714,Ranged,34,Tinker,npc_dota_hero_tinker,int,carry;nuker;pusher,1,0,0,0,0,0,1,1,0,40,68
35,9,3,0.3333333333333333,16.88888888888889,0.8888888888888888,0.4444444444444444,0.1111111111111111,1.0,5.222222222222222,17.77777777777778,32462.11111111111,0.0,9.444444444444445,9.444444444444445,243.0,0.0,79.33333333333333,1.0,0.3333333333333333,0.3333333333333333,4.444444444444445,0.6666666666666666,0.3333333333333333,24614.444444444445,23741.0,3386.6666666666665,1.7777777777777777,Ranged,35,Sniper,npc_dota_hero_sniper,agi,carry;nuker,1,0,0,0,0,0,1,0,0,2,11
36,60,26,0.43333333333333335,3.533333333333333,0.7666666666666667,0.7166666666666667,0.0,1.8,5.266666666666667,13.45,19388.966666666667,4196.016666666666,7.4,7.216666666666667,177.6,0.18333333333333332,55.56666666666667,0.65,0.35,0.16666666666666666,3.1333333333333333,0.7666666666666667,0.3,18342.916666666668,19438.7,1545.9666666666667,1.0,Ranged,36,Necrophos,npc_dota_hero_necrolyte,int,carry;nuker;durable;disabler,1,1,1,0,0,0,1,0,0,114,174
37,141,74,0.524822695035461,0.8297872340425532,0.5673758865248227,1.375886524822695,0.0070921985815602835,4.51063829787234,6.23404255319149,3.5319148936170213,13315.496453900709,7066.41134751773,2.9290780141843973,2.9290780141843973,36.98581560283688,0.3971631205673759,9.134751773049645,2.773049645390071,7.914893617021277,0.02127659574468085,3.425531914893617,2.0425531914893615,6.468085106382978,10949.36170212766,16032.617021276596,582.8297872340426,0.2695035460992908,Ranged,37,Warlock,npc_dota_hero_warlock,int,support;initiator;disabler,0,1,0,0,1,0,0,0,1,112,253
38,155,79,0.5096774193548387,4.425806451612903,0.5806451612903226,0.9354838709677419,0.08387096774193549,2.464516129032258,5.980645161290322,7.922580645161291,14689.354838709678,182.21935483870968,4.116129032258065,4.116129032258065,131.05806451612904,0.12258064516129032,47.535483870967745,0.7290322580645161,0.41935483870967744,0.14193548387096774,5.625806451612903,0.7870967741935484,0.2,15819.354838709678,19362.27741935484,1791.3290322580644,0.9354838709677419,Melee,38,Beastmaster,npc_dota_hero_beastmaster,str,initiator;disabler;durable;nuker,0,1,1,0,1,0,1,0,0,170,325
39,44,22,0.5,6.295454545454546,0.5454545454545454,0.5,0.11363636363636363,1.1363636363636365,3.5681818181818183,17.40909090909091,25290.75,72.56818181818181,9.704545454545455,9.727272727272727,213.02272727272728,0.3181818181818182,66.18181818181819,0.5909090909090909,0.4090909090909091,0.3181818181818182,11.5,0.2727272727272727,0.13636363636363635,21614.18181818182,23105.590909090908,1922.6818181818182,1.0909090909090908,Ranged,39,Queen of Pain,npc_dota_hero_queenofpain,int,carry;nuker;escape,1,0,0,1,0,0,1,0,0,22,66
40,53,30,0.5660377358490566,9.452830188679245,0.6037735849056604,1.150943396226415,0.03773584905660377,2.5849056603773586,6.0754716981132075,12.49056603773585,26220.188679245282,293.188679245283,3.9245283018867925,3.8679245283018866,162.35849056603774,0.09433962264150944,51.83018867924528,0.7735849056603774,0.3584905660377358,0.16981132075471697,3.641509433962264,1.0754716981132075,0.33962264150943394,18704.43396226415,17738.67924528302,1815.6415094339623,0.9056603773584906,Ranged,40,Venomancer,npc_dota_hero_venomancer,agi,support;nuker;initiator;pusher;disabler,0,1,0,0,1,0,1,1,1,50,103
41,75,44,0.5866666666666667,22.386666666666667,0.4666666666666667,0.3333333333333333,0.06666666666666667,0.88,3.68,17.08,17040.18666666667,19.466666666666665,7.613333333333333,7.613333333333333,188.6,0.013333333333333334,92.70666666666666,0.4533333333333333,0.10666666666666667,0.52,7.92,0.5866666666666667,0.04,21879.333333333332,23784.97333333333,2856.8933333333334,1.8,Melee,41,Faceless Void,npc_dota_hero_faceless_void,agi,carry;initiator;disabler;escape;durable,1,1,1,1,1,0,0,0,0,110,185
42,74,36,0.4864864864864865,10.31081081081081,0.5405405405405406,0.527027027027027,0.02702702702702703,1.4189189189189189,5.1891891891891895,10.22972972972973,16460.41891891892,3264.175675675676,5.0675675675675675,5.0675675675675675,153.43243243243242,0.06756756756756757,69.05405405405405,0.7162162162162162,0.5405405405405406,0.35135135135135137,4.95945945945946,0.7432432432432432,0.4189189189189189,18401.675675675677,19656.08108108108,2910.7972972972975,1.2432432432432432,Melee,42,Wraith King,npc_dota_hero_skeleton_king,str,carry;support;durable;disabler;initiator,1,1,1,0,1,0,0,0,1,67,141
43,147,68,0.46258503401360546,4.170068027210885,0.46258503401360546,1.1360544217687074,0.0,2.925170068027211,4.523809523809524,13.428571428571429,21157.52380952381,16.312925170068027,7.197278911564626,7.1768707482993195,190.5374149659864,0.2925170068027211,49.34013605442177,0.46258503401360546,0.24489795918367346,0.3945578231292517,5.068027210884353,0.36054421768707484,0.10884353741496598,19472.319727891158,20968.551020408162,3667.4421768707484,1.9727891156462585,Ranged,43,Death Prophet,npc_dota_hero_death_prophet,int,carry;pusher;nuker;disabler,1,1,0,0,0,0,1,1,0,196,343
44,18,8,0.4444444444444444,25.27777777777778,0.6111111111111112,0.4444444444444444,0.0,0.7777777777777778,5.166666666666667,17.0,23619.5,7.888888888888889,8.666666666666666,8.666666666666666,199.11111111111111,0.0,92.66666666666667,0.8333333333333334,0.1111111111111111,0.6111111111111112,3.6666666666666665,0.6666666666666666,0.1111111111111111,21789.944444444445,22301.833333333332,3244.222222222222,2.5555555555555554,Melee,44,Phantom Assassin,npc_dota_hero_phantom_assassin,agi,carry;escape,1,0,0,1,0,0,0,0,0,7,25
45,65,29,0.4461538461538462,1.5846153846153845,0.6461538461538462,0.6153846153846154,0.015384615384615385,1.353846153846154,5.8307692307692305,9.415384615384616,25056.076923076922,767.8461538461538,6.446153846153846,6.3538461538461535,170.4,0.13846153846153847,32.10769230769231,0.6307692307692307,0.8615384615384616,0.07692307692307693,6.707692307692308,0.47692307692307695,0.8153846153846154,18600.323076923076,20516.092307692306,5140.876923076923,2.3230769230769233,Ranged,45,Pugna,npc_dota_hero_pugna,int,nuker;pusher,0,0,0,0,0,0,1,1,0,109,174
46,76,45,0.5921052631578947,43.671052631578945,0.5789473684210527,1.868421052631579,0.09210526315789473,6.2894736842105265,3.9210526315789473,21.210526315789473,24594.86842105263,0.0,8.592105263157896,8.631578947368421,262.8421052631579,0.21052631578947367,114.34210526315789,0.5394736842105263,0.42105263157894735,0.6052631578947368,5.565789473684211,1.394736842105263,0.7105263157894737,26259.644736842107,25704.63157894737,3799.9473684210525,2.1052631578947367,Ranged,46,Templar Assassin,npc_dota_hero_templar_assassin,agi,carry;escape,1,0,0,1,0,0,0,0,0,95,171
47,39,15,0.38461538461538464,6.487179487179487,0.41025641025641024,0.8461538461538461,0.05128205128205128,1.9487179487179487,6.230769230769231,21.615384615384617,20327.076923076922,12.564102564102564,6.153846153846154,6.17948717948718,183.0,0.358974358974359,47.35897435897436,0.6410256410256411,0.10256410256410256,0.2564102564102564,3.3333333333333335,0.3333333333333333,0.2564102564102564,17835.358974358973,19580.94871794872,2511.923076923077,1.5384615384615385,Ranged,47,Viper,npc_dota_hero_viper,agi,carry;durable;initiator;disabler,1,1,1,0,1,0,0,0,0,59,98
48,88,40,0.45454545454545453,40.57954545454545,0.48863636363636365,1.2159090909090908,0.07954545454545454,3.7613636363636362,4.6022727272727275,15.363636363636363,22154.147727272728,11.261363636363637,6.806818181818182,6.738636363636363,226.95454545454547,0.7272727272727273,159.7840909090909,0.5,0.045454545454545456,0.5340909090909091,4.920454545454546,0.5227272727272727,0.03409090909090909,25799.375,23575.886363636364,6262.215909090909,2.7045454545454546,Ranged,48,Luna,npc_dota_hero_luna,agi,carry;nuker;pusher,1,0,0,0,0,0,1,1,0,95,183
49,161,85,0.5279503105590062,12.807453416149068,0.4161490683229814,1.0745341614906831,0.055900621118012424,2.9627329192546585,4.198757763975156,9.496894409937887,16539.608695652172,13.4472049689441,5.590062111801243,5.60248447204969,175.2049689440994,0.2546583850931677,54.869565217391305,0.5652173913043478,0.2919254658385093,0.2236024844720497,4.105590062111801,0.5031055900621118,0.09937888198757763,18589.596273291925,20068.16149068323,3893.2298136645963,1.8819875776397517,Melee,49,Dragon Knight,npc_dota_hero_dragon_knight,str,carry;pusher;durable;disabler;initiator;nuker,1,1,1,0,1,0,1,1,0,146,307
50,15,7,0.4666666666666667,5.666666666666667,0.6,1.4666666666666666,0.0,5.2,6.2,3.2666666666666666,6831.933333333333,7641.866666666667,2.6,2.6,44.13333333333333,0.0,13.2,2.7333333333333334,6.533333333333333,0.13333333333333333,4.466666666666667,1.7333333333333334,7.2,10302.066666666668,12852.533333333333,953.5333333333333,0.5333333333333333,Ranged,50,Dazzle,npc_dota_hero_dazzle,int,support;nuker;disabler,0,1,0,0,0,0,1,0,1,2,17
51,133,67,0.5037593984962406,0.2631578947368421,0.5939849624060151,0.48872180451127817,0.015037593984962405,1.3909774436090225,6.43609022556391,22.774436090225564,16031.075187969926,599.4812030075188,4.172932330827067,4.157894736842105,51.17293233082707,0.13533834586466165,6.977443609022556,0.8195488721804511,2.6090225563909772,0.007518796992481203,6.616541353383458,0.518796992481203,1.4887218045112782,11131.774436090225,13931.157894736842,190.95488721804512,0.06766917293233082,Melee,51,Clockwerk,npc_dota_hero_rattletrap,str,initiator;disabler;durable;nuker,0,1,1,0,1,0,1,0,0,166,299
52,179,88,0.49162011173184356,3.2793296089385473,0.5921787709497207,1.2513966480446927,0.0111731843575419,3.8268156424581004,6.5083798882681565,6.977653631284916,18531.798882681564,223.72625698324023,6.0,5.977653631284916,151.39664804469274,0.26256983240223464,44.502793296089386,0.9050279329608939,2.46927374301676,0.1340782122905028,6.860335195530726,0.6089385474860335,1.7541899441340782,17364.625698324024,18583.201117318436,2468.5474860335194,1.2849162011173185,Ranged,52,Leshrac,npc_dota_hero_leshrac,int,carry;support;nuker;pusher;disabler,1,1,0,0,0,0,1,1,1,129,308
53,86,41,0.47674418604651164,7.011627906976744,0.6627906976744186,0.6395348837209303,0.22093023255813954,1.6162790697674418,6.27906976744186,11.593023255813954,18339.779069767443,214.45348837209303,5.453488372093023,5.395348837209302,167.7093023255814,0.09302325581395349,70.83720930232558,0.7325581395348837,1.7325581395348837,0.23255813953488372,6.151162790697675,0.47674418604651164,1.2325581395348837,18804.1511627907,17477.220930232557,4037.3953488372094,2.104651162790698,Ranged,53,Nature's Prophet,npc_dota_hero_furion,int,carry;jungler;pusher;escape;nuker,1,0,0,1,0,1,1,1,0,179,265
54,89,38,0.42696629213483145,17.325842696629213,0.4606741573033708,1.0112359550561798,0.02247191011235955,2.2808988764044944,3.3707865168539324,17.97752808988764,23695.03370786517,1557.0112359550562,6.730337078651686,6.674157303370786,215.6629213483146,0.33707865168539325,73.10112359550561,0.4157303370786517,0.11235955056179775,0.2808988764044944,5.865168539325842,0.5168539325842697,0.10112359550561797,21781.494382022473,22586.595505617977,3103.921348314607,1.9550561797752808,Melee,54,Lifestealer,npc_dota_hero_life_stealer,str,carry;durable;jungler;escape;disabler,1,1,1,1,0,1,0,0,0,139,228
55,43,27,0.627906976744186,2.372093023255814,0.3023255813953488,0.9534883720930233,0.0,2.2790697674418605,4.767441860465116,1.930232558139535,14076.60465116279,809.2790697674419,3.8372093023255816,4.348837209302325,149.6046511627907,0.20930232558139536,49.06976744186046,0.16279069767441862,0.16279069767441862,0.06976744186046512,6.8604651162790695,0.16279069767441862,0.16279069767441862,16297.209302325582,16833.279069767443,1573.046511627907,0.7906976744186046,Melee,55,Dark Seer,npc_dota_hero_dark_seer,int,initiator;jungler;escape;disabler,0,1,0,1,1,1,0,0,0,32,75
56,59,29,0.4915254237288136,17.28813559322034,0.3389830508474576,0.7796610169491526,0.06779661016949153,1.5423728813559323,3.7457627118644066,11.389830508474576,21319.64406779661,0.0,9.711864406779661,9.0,121.2542372881356,0.01694915254237288,95.76271186440678,0.5254237288135594,0.288135593220339,0.4915254237288136,5.491525423728813,0.5254237288135594,0.13559322033898305,18887.491525423728,20693.79661016949,5237.5084745762715,2.6440677966101696,Ranged,56,Clinkz,npc_dota_hero_clinkz,agi,carry;escape;pusher,1,0,0,1,0,0,0,1,0,61,120
57,68,37,0.5441176470588235,2.426470588235294,0.35294117647058826,0.29411764705882354,0.014705882352941176,0.8529411764705882,3.514705882352941,10.044117647058824,9931.10294117647,4603.735294117647,3.1470588235294117,3.1470588235294117,132.23529411764707,0.19117647058823528,31.985294117647058,0.23529411764705882,0.19117647058823528,0.10294117647058823,5.014705882352941,0.16176470588235295,0.11764705882352941,16775.882352941175,18244.66176470588,1131.514705882353,0.7647058823529411,Melee,57,Omniknight,npc_dota_hero_omniknight,str,support;durable;nuker,0,0,1,0,0,0,1,0,1,167,235
58,40,22,0.55,4.35,0.625,0.8,0.025,1.825,5.05,10.6,19278.65,2011.85,7.325,7.225,125.325,0.625,36.9,0.875,1.4,0.125,4.35,1.1,1.025,16814.4,19798.55,2773.55,1.425,Ranged,58,Enchantress,npc_dota_hero_enchantress,int,support;jungler;pusher;durable;disabler,0,1,1,0,0,1,0,1,1,155,195
59,30,14,0.4666666666666667,17.166666666666668,0.6,0.4,0.06666666666666667,0.7666666666666667,5.2,28.0,20303.0,0.0,7.733333333333333,7.533333333333333,187.9,0.2,61.166666666666664,0.4666666666666667,0.3,0.9666666666666667,3.1,0.5666666666666667,0.13333333333333333,19526.7,19583.8,4964.666666666667,3.2333333333333334,Ranged,59,Huskar,npc_dota_hero_huskar,str,carry;durable;initiator,1,0,1,0,1,0,0,0,0,90,120
60,106,50,0.4716981132075472,1.1132075471698113,0.4339622641509434,0.6132075471698113,0.0660377358490566,1.6132075471698113,4.830188679245283,7.971698113207547,12091.471698113208,599.6509433962265,4.556603773584905,4.547169811320755,73.83962264150944,0.12264150943396226,19.056603773584907,1.7169811320754718,2.1037735849056602,0.08490566037735849,6.69811320754717,1.528301886792453,0.7924528301886793,12974.698113207547,16306.462264150943,878.3584905660377,0.5566037735849056,Melee,60,Night Stalker,npc_dota_hero_night_stalker,str,carry;initiator;durable;disabler;nuker,1,1,1,0,1,0,1,0,0,276,382
61,33,19,0.5757575757575758,48.45454545454545,0.3939393939393939,0.5151515151515151,0.12121212121212122,0.9696969696969697,2.6363636363636362,7.575757575757576,18031.636363636364,0.0,9.393939393939394,9.212121212121213,154.1818181818182,0.42424242424242425,130.0909090909091,0.7272727272727273,0.15151515151515152,0.45454545454545453,2.0,0.7878787878787878,0.21212121212121213,22297.515151515152,24600.21212121212,4604.818181818182,2.0606060606060606,Melee,61,Broodmother,npc_dota_hero_broodmother,agi,carry;pusher;escape;nuker,1,0,0,1,0,0,1,1,0,166,199
62,40,17,0.425,0.1,0.575,0.125,1.125,0.425,7.025,1.125,8396.95,620.2,2.85,2.875,11.575,0.075,2.05,2.2,7.575,0.0,9.65,2.4,3.35,12044.05,14464.875,74.925,0.075,Melee,62,Bounty Hunter,npc_dota_hero_bounty_hunter,agi,escape;nuker,0,0,0,1,0,0,1,0,0,121,161
63,71,42,0.5915492957746479,11.32394366197183,0.3380281690140845,0.23943661971830985,0.08450704225352113,0.5492957746478874,3.591549295774648,9.985915492957746,21115.169014084506,74.16901408450704,8.774647887323944,8.56338028169014,169.67605633802816,0.04225352112676056,55.225352112676056,0.4788732394366197,0.2112676056338028,0.4647887323943662,7.211267605633803,0.9436619718309859,0.14084507042253522,19606.056338028167,24119.690140845072,3388.43661971831,1.704225352112676,Ranged,63,Weaver,npc_dota_hero_weaver,agi,carry;escape,1,0,0,1,0,0,0,0,0,122,193
64,114,55,0.4824561403508772,0.5350877192982456,0.6403508771929824,0.8508771929824561,0.008771929824561403,2.5,7.2894736842105265,3.736842105263158,11570.254385964912,99.52631578947368,2.5789473684210527,2.5964912280701755,80.33333333333333,0.11403508771929824,13.482456140350877,2.192982456140351,6.394736842105263,0.043859649122807015,3.4473684210526314,1.3157894736842106,4.552631578947368,12815.640350877193,17491.859649122805,1476.0350877192982,0.6052631578947368,Ranged,64,Jakiro,npc_dota_hero_jakiro,int,support;nuker;pusher;disabler,0,1,0,0,0,0,1,1,1,45,159
65,60,30,0.5,1.75,0.5333333333333333,1.9333333333333333,0.016666666666666666,5.533333333333333,6.266666666666667,6.2,12503.683333333332,65.66666666666667,5.0,4.933333333333334,91.68333333333334,0.23333333333333334,41.733333333333334,1.3166666666666667,0.25,0.0,8.2,0.8666666666666667,0.15,13913.133333333333,16406.8,154.75,0.16666666666666666,Ranged,65,Batrider,npc_dota_hero_batrider,int,initiator;jungler;disabler;escape,0,1,0,1,1,1,0,0,0,75,135
66,70,46,0.6571428571428571,1.2714285714285714,0.35714285714285715,2.8142857142857145,0.02857142857142857,7.171428571428572,5.7,2.6,6074.028571428571,3704.285714285714,2.3714285714285714,2.357142857142857,26.757142857142856,0.0,39.05714285714286,1.4857142857142858,3.8,0.014285714285714285,4.642857142857143,1.1857142857142857,4.585714285714285,10238.542857142857,11605.57142857143,2130.4285714285716,0.9285714285714286,Ranged,66,Chen,npc_dota_hero_chen,int,support;jungler;pusher,0,0,0,0,0,1,0,1,1,276,346
67,66,30,0.45454545454545453,6.803030303030303,0.5909090909090909,0.696969696969697,0.045454545454545456,1.5757575757575757,4.712121212121212,13.393939393939394,30459.666666666668,28.106060606060606,7.7272727272727275,7.575757575757576,211.21212121212122,0.30303030303030304,77.37878787878788,0.4393939393939394,0.15151515151515152,0.3484848484848485,3.4696969696969697,0.21212121212121213,0.030303030303030304,21051.954545454544,22519.348484848484,1911.9545454545455,1.1818181818181819,Melee,67,Spectre,npc_dota_hero_spectre,agi,carry;durable;escape,1,0,1,1,0,0,0,0,0,67,133
68,56,18,0.32142857142857145,0.125,0.6428571428571429,1.3214285714285714,0.017857142857142856,4.125,6.660714285714286,3.642857142857143,10183.767857142857,223.32142857142858,4.303571428571429,4.303571428571429,23.839285714285715,0.125,3.6607142857142856,2.8392857142857144,6.517857142857143,0.017857142857142856,4.839285714285714,1.5,6.107142857142857,10823.44642857143,12936.80357142857,159.875,0.05357142857142857,Ranged,68,Ancient Apparition,npc_dota_hero_ancient_apparition,int,support;disabler;nuker,0,1,0,0,0,0,1,0,1,40,96
69,114,55,0.4824561403508772,0.34210526315789475,0.6929824561403509,0.7192982456140351,0.02631578947368421,1.4824561403508771,5.526315789473684,7.017543859649122,15354.263157894737,94.25438596491227,4.885964912280702,4.885964912280702,91.07894736842105,0.12280701754385964,31.964912280701753,0.42105263157894735,0.5263157894736842,0.05263157894736842,5.4035087719298245,0.4649122807017544,0.11403508771929824,17566.98245614035,17948.85087719298,519.5350877192982,0.37719298245614036,Melee,69,Doom,npc_dota_hero_doom_bringer,str,carry;disabler;initiator;durable;nuker,1,1,1,0,1,0,1,0,0,106,220
70,52,23,0.4423076923076923,14.923076923076923,0.6538461538461539,0.6153846153846154,0.057692307692307696,1.5,5.788461538461538,9.153846153846153,18821.365384615383,38.17307692307692,8.423076923076923,8.25,129.53846153846155,0.038461538461538464,59.0,0.7115384615384616,0.5,0.9423076923076923,6.0576923076923075,0.4423076923076923,0.23076923076923078,17736.596153846152,19780.26923076923,1199.1923076923076,0.7692307692307693,Melee,70,Ursa,npc_dota_hero_ursa,agi,carry;jungler;durable;disabler,1,1,1,0,0,1,0,0,0,50,102
71,14,7,0.5,0.07142857142857142,0.7857142857142857,1.1428571428571428,0.0,3.142857142857143,6.928571428571429,3.2142857142857144,10398.5,714.4285714285714,3.0714285714285716,3.0714285714285716,42.642857142857146,0.14285714285714285,6.642857142857143,0.7857142857142857,4.214285714285714,0.0,6.714285714285714,0.42857142857142855,1.7142857142857142,10480.57142857143,14710.0,141.57142857142858,0.07142857142857142,Melee,71,Spirit Breaker,npc_dota_hero_spirit_breaker,str,carry;initiator;disabler;durable;escape,1,1,1,1,1,0,0,0,0,7,21
72,169,94,0.5562130177514792,20.78698224852071,0.47337278106508873,1.4911242603550297,0.011834319526627219,4.349112426035503,4.254437869822485,15.621301775147929,27645.568047337278,15.940828402366863,9.0,9.023668639053254,212.52662721893492,0.6923076923076923,102.31952662721893,0.48520710059171596,0.08284023668639054,0.48520710059171596,5.461538461538462,0.40236686390532544,0.0650887573964497,23420.816568047336,22201.414201183434,4102.887573964497,2.1479289940828403,Ranged,72,Gyrocopter,npc_dota_hero_gyrocopter,agi,carry;nuker;disabler,1,1,0,0,0,0,1,0,0,131,300
73,28,13,0.4642857142857143,4.214285714285714,0.6785714285714286,4.142857142857143,0.03571428571428571,11.0,5.142857142857143,4.857142857142857,25867.75,20.892857142857142,5.928571428571429,5.857142857142857,210.85714285714286,0.0,151.71428571428572,0.6785714285714286,0.39285714285714285,0.07142857142857142,4.535714285714286,0.6071428571428571,0.21428571428571427,35075.42857142857,24083.035714285714,2727.25,1.5,Melee,73,Alchemist,npc_dota_hero_alchemist,str,carry;support;durable;disabler;initiator;nuker,1,1,1,0,1,0,1,0,1,34,62
74,41,23,0.5609756097560976,9.609756097560975,0.5121951219512195,0.5609756097560976,0.07317073170731707,1.4146341463414633,4.487804878048781,18.804878048780488,23283.634146341465,267.0,8.975609756097562,8.902439024390244,195.58536585365854,0.3170731707317073,47.048780487804876,0.5121951219512195,0.17073170731707318,0.34146341463414637,4.2926829268292686,0.4146341463414634,0.3902439024390244,20434.51219512195,21926.048780487807,2718.756097560976,1.5365853658536586,Ranged,74,Invoker,npc_dota_hero_invoker,int,carry;nuker;disabler;escape;pusher,1,1,0,1,0,0,1,1,0,41,82
75,73,37,0.5068493150684932,0.7808219178082192,0.7808219178082192,0.8904109589041096,0.0410958904109589,2.6164383561643834,6.890410958904109,3.5753424657534247,11899.712328767124,363.2054794520548,2.835616438356164,2.7945205479452055,35.95890410958904,0.0,10.821917808219178,2.780821917808219,7.36986301369863,0.0547945205479452,3.3835616438356166,2.4657534246575343,7.890410958904109,11397.794520547945,13583.794520547945,244.31506849315068,0.136986301369863,Ranged,75,Silencer,npc_dota_hero_silencer,int,carry;support;disabler;initiator;nuker,1,1,0,0,1,0,1,0,1,115,188
76,59,26,0.4406779661016949,0.6610169491525424,0.3898305084745763,0.3559322033898305,0.01694915254237288,0.6949152542372882,4.610169491525424,18.64406779661017,18574.389830508473,14.915254237288135,7.440677966101695,7.440677966101695,196.5593220338983,0.11864406779661017,60.50847457627118,0.5254237288135594,0.288135593220339,0.13559322033898305,5.6440677966101696,0.423728813559322,0.2033898305084746,18615.20338983051,19908.15254237288,1427.6949152542372,0.8305084745762712,Ranged,76,Outworld Devourer,npc_dota_hero_obsidian_destroyer,int,carry;nuker;disabler,1,1,0,0,0,0,1,0,0,96,155
77,96,60,0.625,22.75,0.3125,0.5104166666666666,0.041666666666666664,1.1458333333333333,3.5520833333333335,9.020833333333334,15305.052083333334,55.614583333333336,6.625,6.604166666666667,130.73958333333334,0.10416666666666667,103.07291666666667,1.25,0.052083333333333336,0.5416666666666666,3.4375,1.1354166666666667,0.03125,19309.166666666668,19425.25,7452.6875,3.3958333333333335,Melee,77,Lycan,npc_dota_hero_lycan,str,carry;pusher;jungler;durable;escape,1,0,1,1,0,1,0,1,0,281,377
78,78,42,0.5384615384615384,4.141025641025641,0.6410256410256411,0.3717948717948718,0.07692307692307693,0.8461538461538461,4.423076923076923,11.307692307692308,14340.74358974359,981.7820512820513,5.141025641025641,5.102564102564102,118.64102564102564,0.41025641025641024,33.02564102564103,0.6153846153846154,0.15384615384615385,0.08974358974358974,5.294871794871795,0.44871794871794873,0.14102564102564102,15323.551282051281,18743.128205128207,1395.3974358974358,0.7564102564102564,Melee,78,Brewmaster,npc_dota_hero_brewmaster,str,carry;initiator;durable;disabler;nuker,1,1,1,0,1,0,1,0,0,61,139
79,46,22,0.4782608695652174,0.8043478260869565,0.9565217391304348,2.4347826086956523,0.021739130434782608,7.717391304347826,7.065217391304348,3.6739130434782608,10906.95652173913,140.7173913043478,2.347826086956522,2.9782608695652173,53.52173913043478,0.021739130434782608,11.695652173913043,2.4565217391304346,7.391304347826087,0.043478260869565216,5.086956521739131,2.0,7.891304347826087,11719.326086956522,16397.08695652174,815.5652173913044,0.43478260869565216,Ranged,79,Shadow Demon,npc_dota_hero_shadow_demon,int,support;disabler;initiator;nuker,0,1,0,0,1,0,1,0,1,10,56
80,38,23,0.6052631578947368,9.0,0.10526315789473684,1.3157894736842106,0.0,3.1315789473684212,2.973684210526316,12.078947368421053,16491.36842105263,39.973684210526315,4.447368421052632,4.315789473684211,184.89473684210526,0.13157894736842105,80.0,0.34210526315789475,0.42105263157894735,0.34210526315789475,9.736842105263158,0.15789473684210525,0.15789473684210525,20407.842105263157,18413.21052631579,7461.026315789473,3.289473684210526,Ranged,80,Lone Druid,npc_dota_hero_lone_druid,agi,carry;pusher;jungler;durable,1,0,1,0,0,1,0,1,0,99,137
81,21,10,0.47619047619047616,12.476190476190476,0.5714285714285714,0.23809523809523808,0.0,0.9047619047619048,4.380952380952381,14.095238095238095,18641.904761904763,16.666666666666668,8.619047619047619,8.619047619047619,173.85714285714286,0.6666666666666666,57.0,0.47619047619047616,0.09523809523809523,0.38095238095238093,4.904761904761905,0.23809523809523808,0.0,20011.666666666668,20315.04761904762,2929.714285714286,1.4285714285714286,Melee,81,Chaos Knight,npc_dota_hero_chaos_knight,str,carry;disabler;durable;pusher;initiator,1,1,1,0,1,0,0,1,0,14,35
82,8,6,0.75,41.625,0.875,1.375,0.0,3.5,5.875,3.625,20348.125,0.0,10.125,10.125,156.25,0.75,214.375,0.25,0.25,1.375,7.75,0.125,0.25,26957.5,32194.75,6559.125,2.875,Melee,82,Meepo,npc_dota_hero_meepo,agi,carry;escape;nuker;disabler;initiator;pusher,1,1,0,1,1,0,1,1,0,25,33
83,25,9,0.36,0.96,0.8,0.16,0.08,0.76,6.84,4.32,5317.12,5447.08,1.6,1.6,41.0,0.04,8.04,0.88,4.92,0.0,3.76,1.08,3.4,9507.52,13439.16,542.56,0.4,Melee,83,Treant Protector,npc_dota_hero_treant,str,support;initiator;durable;disabler;escape,0,1,1,1,1,0,0,0,1,11,36
84,33,16,0.48484848484848486,0.18181818181818182,1.0303030303030303,0.9696969696969697,0.0,2.8484848484848486,7.7272727272727275,4.121212121212121,9459.060606060606,496.5151515151515,2.606060606060606,2.606060606060606,27.303030303030305,0.24242424242424243,3.878787878787879,1.878787878787879,8.212121212121213,0.0,4.484848484848484,1.5757575757575757,5.575757575757576,11595.424242424242,14589.181818181818,264.27272727272725,0.21212121212121213,Melee,84,Ogre Magi,npc_dota_hero_ogre_magi,int,support;nuker;disabler;durable;initiator,0,1,1,0,1,0,1,0,1,10,43
85,89,46,0.5168539325842697,1.4157303370786516,0.6179775280898876,1.1797752808988764,0.0,4.033707865168539,6.674157303370786,3.9775280898876404,6250.191011235955,2378.0898876404494,2.606741573033708,2.5842696629213484,27.8876404494382,0.12359550561797752,7.123595505617978,1.6067415730337078,7.033707865168539,0.056179775280898875,3.9101123595505616,1.3595505617977528,4.640449438202247,9487.168539325843,12719.0,220.82022471910113,0.11235955056179775,Melee,85,Undying,npc_dota_hero_undying,str,support;durable;disabler;nuker,0,1,1,0,0,0,1,0,1,79,168
86,112,47,0.41964285714285715,0.375,0.75,1.1607142857142858,0.026785714285714284,3.544642857142857,6.678571428571429,2.892857142857143,11363.44642857143,501.1517857142857,3.392857142857143,3.375,61.839285714285715,0.11607142857142858,8.089285714285714,1.5,4.732142857142857,0.017857142857142856,6.1875,1.1964285714285714,4.0,11242.892857142857,14558.294642857143,166.10714285714286,0.08035714285714286,Ranged,86,Rubick,npc_dota_hero_rubick,int,support;disabler;nuker,0,1,0,0,0,0,1,0,1,32,144
87,149,63,0.4228187919463087,0.2348993288590604,0.6912751677852349,1.5503355704697988,0.020134228187919462,5.221476510067114,7.395973154362416,2.389261744966443,9343.791946308726,206.2751677852349,2.8859060402684564,2.8993288590604025,22.174496644295303,0.10738255033557047,8.342281879194632,2.664429530201342,8.53020134228188,0.006711409395973154,4.758389261744966,1.5973154362416107,6.442953020134228,10338.134228187919,13370.738255033557,144.21476510067114,0.09395973154362416,Ranged,87,Disruptor,npc_dota_hero_disruptor,int,support;disabler;nuker;initiator,0,1,0,0,1,0,1,0,1,59,208
88,70,41,0.5857142857142857,0.15714285714285714,0.8571428571428571,0.4142857142857143,0.2857142857142857,1.2428571428571429,7.457142857142857,4.085714285714285,10709.414285714285,293.9714285714286,2.2,2.2,34.47142857142857,0.05714285714285714,5.014285714285714,0.8428571428571429,3.1,0.02857142857142857,8.642857142857142,1.0142857142857142,1.4285714285714286,11621.2,14938.757142857143,142.74285714285713,0.05714285714285714,Melee,88,Nyx Assassin,npc_dota_hero_nyx_assassin,agi,disabler;nuker;initiator;escape,0,1,0,1,1,0,1,0,0,108,178
89,141,76,0.5390070921985816,0.41134751773049644,0.5886524822695035,1.0567375886524824,0.0425531914893617,3.028368794326241,5.6879432624113475,2.234042553191489,8254.801418439716,773.0283687943263,1.8581560283687943,1.8652482269503545,92.35460992907801,0.2127659574468085,16.48936170212766,1.1418439716312057,3.517730496453901,0.028368794326241134,7.226950354609929,0.8085106382978723,1.8156028368794326,13191.787234042553,14758.673758865249,498.1489361702128,0.18439716312056736,Melee,89,Naga Siren,npc_dota_hero_naga_siren,agi,carry;support;pusher;disabler;initiator;escape,1,1,0,1,1,0,0,1,1,258,399
90,20,11,0.55,0.55,0.4,4.15,0.0,13.5,5.4,1.4,10011.95,3722.8,1.75,1.75,101.5,0.05,25.2,1.6,4.5,0.1,6.15,0.8,3.2,12964.45,13685.7,183.45,0.05,Ranged,90,Keeper of the Light,npc_dota_hero_keeper_of_the_light,int,support;nuker;disabler;jungler,0,1,0,0,0,1,1,0,1,14,34
91,77,45,0.5844155844155844,2.7532467532467533,0.8831168831168831,3.3896103896103895,0.0,9.96103896103896,6.8441558441558445,2.7012987012987013,9322.337662337663,12957.805194805194,3.051948051948052,3.0259740259740258,31.532467532467532,0.012987012987012988,35.36363636363637,0.5324675324675324,1.7662337662337662,0.12987012987012986,6.64935064935065,0.4675324675324675,1.2857142857142858,11316.272727272728,18582.272727272728,609.6233766233767,0.3116883116883117,Ranged,91,Io,npc_dota_hero_wisp,str,support;escape;nuker,0,0,0,1,0,0,1,0,1,549,626
92,53,27,0.5094339622641509,21.433962264150942,0.4339622641509434,0.8301886792452831,0.03773584905660377,1.9245283018867925,4.943396226415095,9.69811320754717,14966.641509433963,50.35849056603774,6.471698113207547,6.471698113207547,118.22641509433963,0.11320754716981132,73.69811320754717,0.7924528301886793,0.22641509433962265,0.5849056603773585,3.0377358490566038,0.5660377358490566,0.1320754716981132,17024.79245283019,19063.67924528302,5233.773584905661,2.339622641509434,Ranged,92,Visage,npc_dota_hero_visage,int,support;nuker;durable;disabler;pusher,0,1,1,0,0,0,1,1,1,141,194
93,63,31,0.49206349206349204,8.142857142857142,0.20634920634920634,0.42857142857142855,0.1111111111111111,1.0158730158730158,3.4603174603174605,12.031746031746032,16585.079365079364,3.1746031746031744,8.317460317460318,8.301587301587302,164.52380952380952,0.38095238095238093,84.28571428571429,2.1587301587301586,0.09523809523809523,0.2222222222222222,6.095238095238095,1.873015873015873,1.2698412698412698,19152.603174603173,21191.380952380954,2551.9206349206347,1.5873015873015872,Melee,93,Slark,npc_dota_hero_slark,agi,carry;escape;disabler;nuker,1,1,0,1,0,0,1,0,0,121,184
94,38,19,0.5,44.8421052631579,0.34210526315789475,2.1578947368421053,0.05263157894736842,6.157894736842105,2.9473684210526314,13.789473684210526,22635.86842105263,0.0,6.7894736842105265,6.7105263157894735,241.1578947368421,0.3157894736842105,154.68421052631578,0.7631578947368421,0.21052631578947367,0.5263157894736842,3.763157894736842,0.6052631578947368,0.07894736842105263,25589.342105263157,25534.36842105263,6295.6578947368425,3.1052631578947367,Ranged,94,Medusa,npc_dota_hero_medusa,agi,carry;disabler;durable,1,1,1,0,0,0,0,0,0,39,77
95,54,24,0.4444444444444444,34.370370370370374,0.5,1.1851851851851851,0.018518518518518517,3.185185185185185,4.407407407407407,15.018518518518519,18671.666666666668,24.88888888888889,7.092592592592593,7.092592592592593,185.5,0.2777777777777778,124.05555555555556,0.7037037037037037,0.037037037037037035,0.6666666666666666,5.592592592592593,0.5555555555555556,0.0,22154.88888888889,22780.314814814814,4534.2962962962965,2.5185185185185186,Ranged,95,Troll Warlord,npc_dota_hero_troll_warlord,agi,carry;pusher;disabler;durable,1,1,1,0,0,0,0,1,0,42,96
96,22,6,0.2727272727272727,4.545454545454546,0.9090909090909091,0.7727272727272727,0.045454545454545456,2.5,6.590909090909091,6.545454545454546,11471.09090909091,15.454545454545455,2.5454545454545454,2.3181818181818183,135.0909090909091,0.0,47.18181818181818,0.7272727272727273,0.22727272727272727,0.09090909090909091,4.090909090909091,0.36363636363636365,0.09090909090909091,14754.863636363636,17182.409090909092,1235.0,0.5454545454545454,Melee,96,Centaur Warrunner,npc_dota_hero_centaur,str,durable;initiator;disabler;nuker;escape,0,1,1,1,1,0,1,0,0,7,29
97,48,25,0.5208333333333334,1.9583333333333333,0.4583333333333333,1.3333333333333333,0.041666666666666664,3.5208333333333335,4.229166666666667,8.75,8307.666666666666,178.625,2.375,2.3958333333333335,117.3125,0.1875,46.75,0.4583333333333333,0.20833333333333334,0.08333333333333333,6.979166666666667,0.3333333333333333,0.08333333333333333,14185.625,17964.6875,528.3541666666666,0.3125,Melee,97,Magnus,npc_dota_hero_magnataur,str,initiator;disabler;nuker;escape,0,1,0,1,1,0,1,0,0,38,86
98,23,11,0.4782608695652174,4.304347826086956,0.5652173913043478,0.7391304347826086,0.0,1.565217391304348,4.608695652173913,7.217391304347826,23191.478260869564,141.2173913043478,8.391304347826088,8.434782608695652,222.6086956521739,0.17391304347826086,43.130434782608695,0.13043478260869565,0.17391304347826086,0.08695652173913043,5.0,0.21739130434782608,0.0,20841.434782608696,24727.08695652174,959.304347826087,0.9130434782608695,Melee,98,Timbersaw,npc_dota_hero_shredder,str,nuker;durable;escape,0,0,1,1,0,0,1,0,0,23,46
99,14,8,0.5714285714285714,16.142857142857142,0.42857142857142855,1.7857142857142858,0.14285714285714285,6.0,4.642857142857143,8.785714285714286,25431.428571428572,110.5,4.285714285714286,4.285714285714286,207.85714285714286,0.0,60.714285714285715,0.35714285714285715,0.0,0.35714285714285715,6.428571428571429,0.2857142857142857,0.0,21005.0,21390.571428571428,3354.3571428571427,1.7142857142857142,Melee,99,Bristleback,npc_dota_hero_bristleback,str,carry;durable;initiator;nuker,1,0,1,0,1,0,1,0,0,17,31
100,142,82,0.5774647887323944,0.09859154929577464,0.6901408450704225,0.647887323943662,0.04929577464788732,1.9929577464788732,6.640845070422535,2.0140845070422535,11345.542253521127,861.9507042253521,3.528169014084507,3.535211267605634,44.556338028169016,0.04225352112676056,3.471830985915493,1.0,3.823943661971831,0.035211267605633804,7.464788732394366,0.7535211267605634,1.7464788732394365,12491.669014084508,15026.25352112676,139.40140845070422,0.16901408450704225,Melee,100,Tusk,npc_dota_hero_tusk,str,initiator;disabler;nuker,0,1,0,0,1,0,1,0,0,109,251
101,119,56,0.47058823529411764,0.5798319327731093,0.7983193277310925,1.134453781512605,0.05042016806722689,3.672268907563025,6.932773109243698,3.773109243697479,20757.436974789915,35.596638655462186,5.815126050420168,5.756302521008403,40.36134453781513,0.09243697478991597,11.411764705882353,1.546218487394958,4.38655462184874,0.025210084033613446,5.436974789915967,1.1260504201680672,4.025210084033613,12051.840336134454,15771.638655462184,234.07563025210084,0.17647058823529413,Ranged,101,Skywrath Mage,npc_dota_hero_skywrath_mage,int,support;nuker;disabler,0,1,0,0,0,0,1,0,1,57,176
102,34,17,0.5,2.735294117647059,0.4411764705882353,0.4411764705882353,0.029411764705882353,1.1470588235294117,4.911764705882353,5.529411764705882,13013.735294117647,2555.4411764705883,2.4411764705882355,2.411764705882353,135.64705882352942,0.029411764705882353,28.029411764705884,0.35294117647058826,0.4411764705882353,0.11764705882352941,7.5,0.2647058823529412,0.3235294117647059,14859.823529411764,19054.941176470587,1984.0882352941176,1.1470588235294117,Melee,102,Abaddon,npc_dota_hero_abaddon,str,support;carry;durable,1,0,1,0,0,0,0,0,1,34,68
103,95,45,0.47368421052631576,0.8947368421052632,0.5157894736842106,2.0105263157894737,0.010526315789473684,7.189473684210526,5.28421052631579,3.094736842105263,15308.78947368421,657.4,3.357894736842105,3.3473684210526318,55.189473684210526,0.18947368421052632,9.494736842105263,0.8947368421052632,2.831578947368421,0.042105263157894736,6.063157894736842,0.7684210526315789,2.8105263157894735,12013.98947368421,16591.505263157895,213.16842105263157,0.25263157894736843,Melee,103,Elder Titan,npc_dota_hero_elder_titan,str,initiator;disabler;nuker;durable,0,1,1,0,1,0,1,0,0,55,150
104,30,10,0.3333333333333333,8.533333333333333,0.9,0.6666666666666666,0.13333333333333333,1.5666666666666667,7.166666666666667,10.433333333333334,17360.466666666667,1263.6333333333334,5.7,5.633333333333334,121.6,0.2,42.8,0.7333333333333333,0.3333333333333333,0.13333333333333333,5.7,0.4666666666666667,0.26666666666666666,15890.833333333334,19351.6,1143.2333333333333,0.7333333333333333,Melee,104,Legion Commander,npc_dota_hero_legion_commander,str,carry;disabler;initiator;durable;nuker,1,1,1,0,1,0,1,0,0,19,49
106,112,62,0.5535714285714286,3.982142857142857,0.6875,0.5625,0.026785714285714284,1.4464285714285714,4.392857142857143,8.053571428571429,26363.66964285714,71.16964285714286,8.276785714285714,8.160714285714286,214.15178571428572,0.45535714285714285,51.669642857142854,0.42857142857142855,0.19642857142857142,0.21428571428571427,8.375,0.32142857142857145,0.10714285714285714,21518.178571428572,23653.39285714286,1195.75,0.9285714285714286,Melee,106,Ember Spirit,npc_dota_hero_ember_spirit,agi,carry;escape;nuker;disabler;initiator,1,1,0,1,1,0,1,0,0,123,235
107,49,19,0.3877551020408163,0.12244897959183673,0.6122448979591837,0.6326530612244898,0.04081632653061224,1.8571428571428572,6.673469387755102,1.9387755102040816,12309.30612244898,785.1632653061224,3.816326530612245,3.795918367346939,35.48979591836735,0.02040816326530612,4.204081632653061,0.7959183673469388,3.2857142857142856,0.10204081632653061,6.673469387755102,0.8571428571428571,1.3265306122448979,10502.285714285714,14005.204081632653,118.42857142857143,0.16326530612244897,Melee,107,Earth Spirit,npc_dota_hero_earth_spirit,str,nuker;escape;disabler;initiator;durable,0,1,1,1,1,0,1,0,0,11,60
108,75,37,0.49333333333333335,1.2133333333333334,0.5733333333333334,0.8,0.013333333333333334,2.16,5.026666666666666,8.706666666666667,13931.0,1020.7466666666667,2.4266666666666667,2.3733333333333335,172.78666666666666,0.24,33.0,0.4533333333333333,0.13333333333333333,0.26666666666666666,3.92,0.22666666666666666,0.05333333333333334,16523.97333333333,18962.36,1748.64,0.9466666666666667,Melee,108,Underlord,npc_dota_hero_abyssal_underlord,str,support;nuker;disabler;durable;escape,0,1,1,1,0,0,1,0,1,81,156
109,57,26,0.45614035087719296,23.982456140350877,0.45614035087719296,0.5789473684210527,0.05263157894736842,1.2456140350877194,4.052631578947368,12.75438596491228,22097.894736842107,37.228070175438596,6.157894736842105,6.7894736842105265,244.75438596491227,1.1228070175438596,121.80701754385964,0.5614035087719298,0.10526315789473684,0.42105263157894735,6.280701754385965,0.47368421052631576,0.10526315789473684,25228.087719298244,21952.701754385966,6201.824561403509,3.192982456140351,Melee,109,Terrorblade,npc_dota_hero_terrorblade,agi,carry;pusher;nuker,1,0,0,0,0,0,1,1,0,109,166
110,53,30,0.5660377358490566,0.9245283018867925,0.8301886792452831,1.0566037735849056,0.0,2.7547169811320753,6.018867924528302,3.1320754716981134,17024.69811320755,3659.8867924528304,3.9622641509433962,3.9245283018867925,65.52830188679245,0.16981132075471697,22.433962264150942,1.6037735849056605,4.943396226415095,0.018867924528301886,5.377358490566038,1.6415094339622642,3.7358490566037736,14961.905660377359,17844.490566037737,225.32075471698113,0.20754716981132076,Ranged,110,Phoenix,npc_dota_hero_phoenix,str,support;nuker;initiator;escape;disabler,0,1,0,1,1,0,1,0,1,28,81
111,40,19,0.475,0.15,0.425,0.875,0.0,2.475,6.025,3.175,7440.675,7535.15,4.025,4.0,22.775,0.0,5.675,2.3,7.325,0.05,3.85,1.45,5.55,9443.825,13356.8,147.175,0.125,Ranged,111,Oracle,npc_dota_hero_oracle,int,support;nuker;disabler;escape,0,1,0,1,0,0,1,0,1,15,55
112,78,39,0.5,0.6538461538461539,0.8076923076923077,0.8076923076923077,0.01282051282051282,2.6923076923076925,6.076923076923077,2.9871794871794872,11968.73076923077,2444.423076923077,3.3076923076923075,3.230769230769231,80.46153846153847,0.1282051282051282,6.884615384615385,1.9102564102564104,4.5256410256410255,0.0,3.6923076923076925,1.8333333333333333,4.9743589743589745,14624.961538461539,16221.23076923077,292.84615384615387,0.16666666666666666,Ranged,112,Winter Wyvern,npc_dota_hero_winter_wyvern,int,support;disabler;nuker,0,1,0,0,0,0,1,0,1,50,128
113,18,9,0.5,12.38888888888889,0.7777777777777778,1.1111111111111112,0.05555555555555555,2.1666666666666665,5.333333333333333,16.38888888888889,26631.11111111111,42.22222222222222,5.166666666666667,5.277777777777778,214.38888888888889,0.5555555555555556,80.94444444444444,1.0555555555555556,0.16666666666666666,0.1111111111111111,3.5555555555555554,1.2777777777777777,0.2777777777777778,24973.833333333332,19835.38888888889,3158.3888888888887,1.6111111111111112,Ranged,113,Arc Warden,npc_dota_hero_arc_warden,agi,carry;escape;nuker,1,0,0,1,0,0,1,0,0,24,42
114,43,18,0.4186046511627907,18.0,0.4418604651162791,0.6976744186046512,0.09302325581395349,2.046511627906977,5.72093023255814,14.720930232558139,24008.279069767443,15.813953488372093,7.790697674418604,7.813953488372093,210.93023255813952,0.3953488372093023,81.0,0.5813953488372093,0.32558139534883723,0.5116279069767442,5.534883720930233,0.5116279069767442,0.11627906976744186,22394.627906976744,23939.232558139534,2322.7906976744184,1.558139534883721,Melee,114,Monkey King,npc_dota_hero_monkey_king,agi,carry;escape;disabler;initiator,1,1,0,1,1,0,0,0,0,33,76
119,100,52,0.52,0.5,0.64,0.94,0.1,2.82,5.73,4.66,13050.3,694.79,4.93,4.93,45.63,0.04,8.02,1.47,3.51,0.08,7.04,1.41,3.99,12283.89,16186.87,334.45,0.28,Ranged,119,Dark Willow,npc_dota_hero_dark_willow,int,support;nuker;disabler;escape,0,1,0,1,0,0,1,0,1,88,188
120,69,32,0.463768115942029,1.0289855072463767,0.7246376811594203,0.5942028985507246,0.014492753623188406,1.565217391304348,5.028985507246377,5.405797101449275,17626.72463768116,1055.6376811594203,5.3478260869565215,5.318840579710145,181.71014492753622,0.2318840579710145,28.26086956521739,0.8695652173913043,0.43478260869565216,0.07246376811594203,7.9855072463768115,0.6521739130434783,0.2608695652173913,18593.753623188404,21968.44927536232,296.30434782608694,0.3188405797101449,Melee,120,Pangolier,npc_dota_hero_pangolier,agi,carry;nuker;disabler;durable;escape;initiator,1,1,1,1,1,0,1,0,0,76,145
