account_id,ancient_kills,buyback_count,camps_stacked,courier_kills,creeps_stacked,deaths,denies,gold_per_min,hero_damage,hero_healing,hero_id,hero_kills,is_roaming,kda,kills,lane,lane_efficiency_pct,lane_kills,lane_role,match_id,necronomicon_kills,neutral_kills,observer_kills,observer_uses,player_slot,roshan_kills,rune_pickups,sentry_kills,sentry_uses,teamfight_participation,total_gold,total_xp,tower_damage,tower_kills,win,xp_per_min,player_side
94004717,19,1,1,0,2,5,27,716,44256,0,72,8,False,3,8,1,62,417,1,3960583608,3,113,1,0,0,0,3,0,0,0.7586207,36933,33838,5447,6,0,656,radiant
84853828,0,1,1,0,3,14,2,343,13794,0,16,1,False,0,1,3,33,106,3,3960583608,1,11,2,7,1,1,5,1,5,0.41379312,17693,21252,0,0,0,412,radiant
116525052,0,2,0,0,0,7,2,284,19881,9374,37,5,False,2,5,1,23,46,1,3960583608,2,1,0,8,2,0,2,0,3,0.6551724,14649,26152,452,0,0,507,radiant
86700461,3,2,1,0,3,10,26,531,25685,0,21,11,False,1,11,2,79,257,2,3960583608,0,41,0,2,3,0,12,1,0,0.55172414,27390,29763,3055,3,0,577,radiant
117956848,0,0,1,0,2,6,11,431,18726,0,69,4,False,2,4,3,67,140,3,3960583608,0,22,1,0,4,0,5,0,0,0.62068963,22232,20323,451,0,0,394,radiant
86974263,0,2,0,0,0,11,6,321,29497,0,101,9,False,2,9,1,38,27,3,3960583608,0,0,4,6,128,0,10,1,8,0.7380952,16558,23831,199,0,1,462,dire
86822085,39,1,0,0,0,4,14,751,37923,0,10,14,False,5,14,3,57,362,1,3960583608,0,147,1,0,129,1,8,1,0,0.61904764,38739,31362,7257,5,1,608,dire
85937380,36,2,0,0,0,4,9,474,11622,0,77,4,False,5,4,2,65,130,2,3960583608,0,169,1,0,130,0,4,0,0,0.61904764,24450,24966,11826,2,1,484,dire
176502766,5,1,0,0,0,5,3,474,15530,375,89,6,False,5,6,3,48,173,1,3960583608,0,29,4,0,131,1,9,2,1,0.7380952,24450,27287,694,0,1,529,dire
87063175,12,1,1,0,3,5,3,455,29197,0,2,9,False,4,9,1,57,136,3,3960583608,0,72,0,1,132,0,10,0,0,0.6904762,23470,28577,464,0,1,554,dire
117483894,0,1,0,0,0,10,7,173,8222,1569,30,1,False,0,1,1,34,21,1,3960600123,0,0,3,3,0,0,4,1,7,0.3888889,7291,10537,20,0,0,250,radiant
92847434,0,1,1,0,6,4,14,414,20737,0,38,5,False,2,5,3,75,200,3,3960600123,0,46,1,1,1,0,2,1,0,0.5555556,17450,22634,1481,1,0,537,radiant
113331514,0,0,2,0,6,9,3,204,8928,3939,111,6,True,1,6,3,40,24,3,3960600123,0,0,4,6,2,0,4,6,6,0.8333333,8598,13530,0,0,0,321,radiant
5150808,21,1,1,0,3,3,25,467,19841,0,23,5,False,2,5,2,74,249,2,3960600123,0,68,0,0,3,0,6,0,0,0.6111111,19684,23477,60,0,0,557,radiant
96183976,24,0,3,0,6,5,16,449,11166,0,48,1,False,1,1,1,58,190,1,3960600123,0,140,1,0,4,0,5,0,0,0.44444445,18925,19894,45,0,0,472,radiant
94049589,0,0,6,0,17,3,2,308,8345,10963,37,1,False,5,1,3,25,45,1,3960600123,3,2,5,12,128,0,5,1,11,0.67741936,12982,25374,560,0,1,602,dire
26316691,9,0,0,0,0,0,2,581,15566,0,93,7,False,20,7,3,60,195,1,3960600123,3,109,2,0,129,0,10,7,0,0.6451613,24489,29715,7116,5,1,705,dire
94338967,36,0,1,0,2,4,10,546,16218,0,2,9,False,3,9,1,64,142,3,3960600123,3,161,0,0,130,1,4,1,0,0.516129,23013,22845,0,0,1,542,dire
109512357,0,1,7,0,29,6,6,399,15112,0,21,8,False,3,8,1,39,102,3,3960600123,1,22,2,3,131,0,6,2,0,0.7741935,16817,20105,430,0,1,477,dire
87586992,21,0,0,0,0,5,10,580,17678,128,25,5,False,3,5,2,64,198,2,3960600123,3,135,0,0,132,1,11,0,0,0.61290324,24447,27776,4125,3,1,659,dire
90125566,0,1,1,0,3,8,1,306,28101,9781,37,8,False,2,8,3,20,30,3,3960615221,0,3,7,10,0,0,10,2,13,0.5531915,18043,29660,472,0,1,503,radiant
96196828,0,2,1,0,3,7,0,365,14776,0,16,2,False,3,2,1,35,108,1,3960615221,0,49,4,0,1,1,8,0,0,0.61702126,21522,29719,0,0,1,504,radiant
11865327,15,1,0,0,0,10,19,633,39649,0,49,15,False,2,15,2,65,316,2,3960615221,0,81,1,0,2,1,7,0,0,0.61702126,37325,39861,5569,3,1,676,radiant
113995822,25,0,0,0,0,6,32,565,33124,3888,54,11,False,4,11,3,77,288,3,3960615221,0,160,1,0,3,0,4,0,0,0.61702126,33316,31252,3749,3,1,530,radiant
295697470,2,3,1,0,3,12,1,420,24204,0,52,11,True,3,11,3,49,156,3,3960615221,0,61,1,2,4,0,12,0,2,0.82978725,24766,28775,3970,1,1,488,radiant
129071882,0,2,0,0,0,13,3,341,17692,0,87,2,True,1,2,1,26,62,3,3960615221,0,10,2,9,128,0,11,3,3,0.61904764,20107,25001,0,0,0,424,dire
86785083,1,1,1,1,1,5,27,404,18567,280,60,10,False,6,10,1,78,124,3,3960615221,0,37,5,1,129,0,12,6,0,0.9047619,23822,32431,1533,0,0,550,dire
90423751,5,2,0,0,0,10,7,317,25191,0,101,9,True,2,8,2,29,85,2,3960615221,0,32,0,9,130,1,10,0,0,0.64285713,18692,24412,358,0,0,414,dire
112250781,45,2,1,0,2,6,7,592,35734,0,41,11,False,4,11,2,71,265,2,3960615221,0,178,1,0,131,0,9,0,0,0.6904762,34908,33728,2420,2,0,572,dire
112740723,14,3,2,0,6,13,16,564,40206,0,47,11,False,2,11,3,52,302,1,3960615221,0,44,0,0,132,0,1,0,0,0.71428573,33257,35262,5222,4,0,598,dire
157989498,0,0,2,0,4,4,2,327,6584,0,16,5,False,3,5,3,38,47,3,3960680068,0,3,1,4,0,0,6,0,2,0.6785714,11145,14621,133,0,1,429,radiant
407321629,0,0,2,0,2,6,2,394,8660,0,65,3,False,2,3,1,56,91,1,3960680068,0,43,2,0,1,0,8,3,0,0.6785714,13428,16257,236,0,1,477,radiant
100758751,1,1,1,0,3,7,1,317,8189,2982,110,2,False,2,2,3,34,21,3,3960680068,0,10,0,9,2,0,2,3,4,0.71428573,10804,11179,209,0,1,328,radiant
385750274,0,0,0,0,0,4,10,536,12070,100,9,8,False,4,8,2,74,172,2,3960680068,0,68,2,0,3,0,7,0,0,0.71428573,18268,19836,3425,1,1,582,radiant
91364275,37,0,2,0,3,0,38,715,18160,505,10,10,False,14,10,3,99,236,3,3960680068,0,97,1,0,4,1,4,0,0,0.5,24369,25051,12294,6,1,735,radiant
28070572,5,1,0,0,0,2,20,441,10446,521,54,5,False,3,5,1,86,195,3,3960680068,0,29,0,0,128,0,1,0,0,0.5,15030,16325,1010,0,0,479,dire
155332459,2,0,2,0,6,6,2,265,10117,662,119,4,True,1,4,3,32,33,1,3960680068,0,3,1,6,129,0,2,1,2,0.65,9032,11281,108,0,0,331,dire
97975407,1,1,3,0,7,7,0,315,6634,200,120,3,False,1,3,3,53,93,1,3960680068,0,42,0,0,130,0,4,0,0,0.5,10736,11486,0,0,0,337,dire
99796146,0,0,2,1,7,7,6,235,5982,225,21,1,False,1,1,2,32,63,2,3960680068,0,8,3,5,131,0,4,2,6,0.4,8009,9134,108,0,0,268,dire
185202677,35,0,1,0,2,6,11,471,12269,0,25,7,False,1,7,2,83,123,2,3960680068,0,130,0,1,132,0,6,0,0,0.45,16053,18370,1424,2,0,539,dire
242697694,0,0,2,0,3,11,1,317,11631,1310,108,0,False,0,0,3,35,123,3,3960760412,0,56,0,0,0,0,0,0,0,0.375,13599,17975,0,0,0,419,radiant
101779337,1,0,1,0,3,8,0,216,5939,217,89,0,False,2,0,3,33,31,3,3960760412,0,12,0,4,1,0,1,1,1,0.8333333,9266,12827,8,0,0,299,radiant
59463394,8,1,1,0,2,6,19,412,21048,100,25,11,False,2,11,2,76,182,2,3960760412,0,52,0,0,2,0,3,0,0,0.6666667,17674,19862,202,0,0,463,radiant
194521913,38,0,1,0,3,2,9,571,39006,0,77,11,False,5,11,1,81,184,1,3960760412,0,96,1,0,3,0,2,1,0,0.6666667,24495,29472,2126,3,0,687,radiant
100507647,0,1,1,0,5,13,0,211,8186,0,64,1,False,0,1,1,31,24,1,3960760412,0,20,8,7,4,0,1,1,14,0.5,9051,12269,555,0,0,286,radiant
131706718,11,0,0,0,0,2,12,680,40420,0,93,18,False,10,18,3,105,184,1,3960760412,9,106,1,0,128,0,12,3,1,0.75,29172,30158,5155,3,1,703,dire
118207269,0,0,0,0,0,5,7,420,11657,1202,60,4,False,4,4,1,63,111,3,3960760412,4,3,5,1,129,1,6,8,1,0.6,18018,20634,1575,2,1,481,dire
124438626,0,0,1,0,3,6,3,289,15850,0,101,6,True,3,6,3,30,13,1,3960760412,0,7,2,12,130,0,11,1,6,0.55,12398,18361,31,0,1,428,dire
85312703,0,0,2,0,8,10,2,299,11801,0,16,4,True,1,4,3,30,51,1,3960760412,0,7,0,3,131,0,8,0,0,0.475,12827,14628,0,0,1,341,dire
116514161,6,1,5,0,11,1,5,771,56689,100,34,8,False,13,8,2,81,356,2,3960760412,4,153,0,1,132,0,10,0,0,0.65,33075,28914,0,1,1,674,dire
242697694,0,1,1,0,2,5,7,565,27447,0,69,10,False,5,10,3,67,89,3,3960868114,0,50,0,0,0,1,6,2,0,0.79545456,31611,27247,600,1,1,487,radiant
101779337,5,1,2,0,3,6,4,373,25364,0,21,6,False,4,6,3,35,112,3,3960868114,0,31,2,1,1,1,9,0,0,0.65909094,20869,23946,182,0,1,428,radiant
59463394,1,1,0,0,0,4,14,485,32465,0,43,11,False,5,11,2,66,222,2,3960868114,0,80,0,0,2,1,11,1,0,0.5681818,27135,33346,4903,1,1,596,radiant
194521913,12,0,1,0,3,5,13,510,37743,4949,54,12,False,5,12,1,64,240,1,3960868114,0,49,0,0,3,0,5,0,0,0.70454544,28534,30436,8030,3,1,544,radiant
100507647,3,1,1,0,1,10,2,343,14619,4412,30,4,False,1,4,1,27,28,1,3960868114,0,42,6,7,4,0,4,8,25,0.47727272,19190,23163,429,1,1,414,radiant
86974263,0,2,5,0,16,10,3,272,21210,0,101,8,False,1,8,1,33,26,3,3960868114,0,4,5,12,128,0,7,8,14,0.7,15218,21988,0,0,0,393,dire
85937380,6,2,0,0,0,5,11,489,29940,0,23,8,False,3,8,2,71,335,2,3960868114,0,50,1,0,129,0,18,0,0,0.6333333,27359,28926,913,1,0,517,dire
87063175,6,2,0,0,0,14,4,317,26356,1620,104,3,False,1,3,1,70,142,3,3960868114,0,23,1,1,130,0,5,3,0,0.6666667,17736,22715,697,1,0,406,dire
176502766,2,0,0,0,0,6,7,316,17594,0,103,5,False,2,4,3,29,86,1,3960868114,0,10,3,1,131,0,5,3,6,0.56666666,17680,25065,0,0,0,448,dire
86822085,27,1,0,0,0,10,11,625,39399,0,44,6,False,1,6,3,67,403,1,3960868114,0,132,1,0,132,0,7,8,0,0.53333336,34968,30380,1453,2,0,543,dire
157989498,1,0,0,0,0,7,5,239,12504,1448,103,0,False,0,0,3,23,105,3,3960936028,0,2,3,2,0,0,6,2,0,0.46153846,13216,17972,22,0,0,325,radiant
407321629,3,0,1,0,3,2,7,400,15567,0,29,1,False,2,1,2,69,257,2,3960936028,0,56,0,0,1,0,5,0,0,0.53846157,22120,25548,286,0,0,462,radiant
385750274,0,0,0,0,0,5,4,433,19141,2784,45,3,False,1,3,3,47,287,3,3960936028,0,40,0,0,2,0,6,1,0,0.46153846,23944,26654,748,2,0,482,radiant
100758751,0,1,1,0,3,3,5,205,6359,1050,119,0,False,1,0,1,33,35,1,3960936028,0,7,4,16,3,0,2,3,7,0.53846157,11336,16258,0,0,0,294,radiant
91364275,41,1,0,0,0,2,25,795,31083,0,109,8,False,4,9,1,92,552,1,3960936028,0,172,2,0,4,2,3,1,0,0.9230769,43963,32074,3264,2,0,580,radiant
86974263,0,1,1,0,3,7,2,220,9851,0,3,0,False,1,0,3,30,8,1,3960936028,0,9,4,11,128,0,9,2,13,0.42105263,12166,19631,79,0,1,355,dire
85937380,68,0,0,0,0,1,9,617,24979,0,12,5,False,6,5,2,72,230,2,3960936028,0,238,1,1,129,0,9,0,0,0.6315789,34120,30193,9808,4,1,546,dire
176502766,0,1,3,0,7,2,3,505,11211,1103,89,3,False,4,3,1,36,283,3,3960936028,0,26,2,2,130,0,12,1,1,0.6315789,27926,25548,4531,1,1,462,dire
86822085,47,0,2,0,5,2,29,623,26009,0,4,5,False,3,5,3,68,304,1,3960936028,0,214,1,1,131,0,5,0,0,0.5263158,34451,31023,2784,1,1,561,dire
87063175,0,0,0,0,0,1,4,685,36648,300,120,6,False,6,6,1,54,490,3,3960936028,0,9,2,0,132,0,20,1,1,0.68421054,37880,31521,546,1,1,570,dire
468599935,1,0,1,0,2,3,8,527,9188,0,52,3,False,1,3,2,85,157,2,3960963962,0,68,0,0,0,0,2,0,0,0.8333333,12112,13330,0,0,0,580,radiant
376376587,0,0,0,0,0,5,12,335,3557,0,49,0,False,0,0,1,66,109,1,3960963962,0,8,1,0,1,0,1,0,0,0.33333334,7699,7584,1169,1,0,330,radiant
103354522,0,0,3,0,9,2,1,234,5029,400,21,3,False,1,3,1,33,29,1,3960963962,0,10,2,6,2,0,5,1,2,0.8333333,5378,6527,0,0,0,284,radiant
342340720,11,0,2,0,5,7,3,299,3764,0,2,0,False,0,0,3,63,44,3,3960963962,0,77,0,0,3,0,3,0,0,0.6666667,6872,6228,0,0,0,271,radiant
130140436,0,0,2,0,5,6,3,144,2461,833,85,0,False,0,0,3,24,9,3,3960963962,0,1,1,1,4,0,1,0,1,0.5,3309,4734,0,0,0,206,radiant
849035415,2,0,6,0,26,1,1,286,3353,400,90,0,False,4,0,1,25,27,3,3960963962,0,23,0,5,128,0,5,2,4,0.3181818,6573,5952,0,0,1,259,dire
119576842,0,0,2,0,6,3,2,280,6135,196,88,3,False,3,3,3,35,10,1,3960963962,0,7,0,3,129,0,2,0,0,0.6818182,6435,6780,23,0,1,295,dire
90882159,0,0,3,0,18,0,5,527,12158,0,43,6,False,18,6,2,71,123,2,3960963962,0,6,0,1,130,1,2,0,0,0.8181818,12112,12135,4074,1,1,528,dire
148215639,0,0,0,0,0,0,25,544,19260,0,9,12,False,20,12,3,75,111,1,3960963962,0,11,0,0,131,0,5,0,0,0.90909094,12502,10917,4525,4,1,475,dire
111189717,19,0,1,0,2,2,8,473,10812,0,99,1,False,4,1,1,71,104,3,3960963962,0,48,0,0,132,0,4,0,0,0.6363636,10871,11629,1316,0,1,506,dire
140153524,0,0,1,0,3,0,0,276,6354,0,103,2,False,12,2,1,40,19,1,3960988841,0,0,1,4,0,0,4,1,0,0.5217391,6118,7581,401,1,1,342,radiant
129958758,33,0,2,0,6,0,16,715,10994,0,46,8,False,12,8,2,94,138,2,3960988841,0,81,1,2,1,1,4,1,1,0.5217391,15849,16336,4070,3,1,737,radiant
156662698,0,0,0,0,0,0,13,336,5220,0,78,3,False,13,3,3,71,72,3,3960988841,0,1,0,0,2,0,2,0,0,0.5652174,7448,7647,1051,0,1,345,radiant
207829314,0,0,0,0,0,1,2,305,8460,832,52,3,False,7,3,3,43,32,3,3960988841,0,8,0,3,3,0,9,0,0,0.65217394,6760,7226,2583,1,1,326,radiant
130416036,0,0,0,0,0,1,7,602,12857,0,40,7,False,6,7,1,91,120,1,3960988841,0,44,0,0,4,0,2,0,0,0.5217391,13344,10152,1220,0,1,458,radiant
91369376,0,1,0,0,0,6,14,327,3957,0,15,0,False,0,0,3,49,108,1,3960988841,0,10,0,0,128,0,0,0,0,0.0,7248,6916,66,0,0,312,dire
202217968,15,0,0,0,0,5,12,470,3910,0,74,1,False,0,1,2,52,99,2,3960988841,0,81,0,0,129,0,1,0,1,0.5,10418,10994,454,0,0,496,dire
111291593,0,0,0,0,0,4,3,324,5148,100,38,0,False,0,0,1,53,93,3,3960988841,0,18,0,0,130,0,3,0,0,0.5,7182,8246,66,0,0,372,dire
103940975,0,1,1,0,2,5,0,166,2055,0,89,0,False,0,0,3,23,19,1,3960988841,0,7,0,3,131,0,3,0,1,0.5,3679,4566,0,0,0,206,dire
103039499,0,0,0,0,0,3,3,159,2780,724,85,1,False,0,1,1,32,9,3,3960988841,0,0,2,4,132,0,1,1,1,0.5,3524,4943,0,0,0,223,dire
163587550,0,1,0,0,0,3,2,291,23305,4394,103,9,False,10,9,3,43,34,3,3961000985,0,6,1,3,0,0,4,2,4,0.75,14283,27290,915,0,1,556,radiant
108717482,0,2,1,0,2,10,3,344,13203,0,26,1,True,2,1,1,31,61,1,3961000985,0,10,3,6,1,0,9,3,13,0.53571427,16884,26652,1073,1,1,543,radiant
139031324,1,2,0,0,0,5,7,482,24933,0,69,11,False,7,11,3,61,69,3,3961000985,0,50,3,1,2,0,1,4,0,0.76785713,23658,27192,1622,3,1,554,radiant
171211166,7,0,1,0,1,5,10,595,33357,0,49,16,False,6,16,1,65,223,1,3961000985,0,73,1,0,3,1,6,3,0,0.6964286,29204,29302,8203,1,1,597,radiant
248941611,7,2,1,0,1,5,9,559,36141,184,9,19,False,7,19,2,70,170,2,3961000985,0,112,0,1,4,1,10,1,0,0.78571427,27437,32051,7691,4,1,653,radiant
397462905,3,3,0,0,0,13,15,361,18313,0,52,2,False,1,2,3,56,184,1,3961000985,0,38,0,0,128,0,1,1,0,0.53571427,17719,15804,101,0,0,322,dire
142974425,0,2,0,0,0,12,9,272,16911,0,16,2,False,1,2,3,41,56,1,3961000985,0,0,1,1,129,0,7,2,4,0.60714287,13350,22087,0,0,0,450,dire
158847773,0,1,0,0,0,13,2,252,21700,4374,37,4,False,1,4,1,30,37,3,3961000985,0,8,2,10,130,0,6,3,17,0.71428573,12369,15314,115,1,0,312,dire
255219872,5,2,0,0,0,11,19,545,41616,0,15,10,False,1,10,2,69,280,2,3961000985,0,64,2,1,131,0,5,0,0,0.75,26750,29106,873,1,0,593,dire
277742444,33,2,0,0,0,7,10,468,21254,0,41,10,False,1,10,1,67,143,3,3961000985,0,110,3,1,132,0,17,0,0,0.53571427,22971,29204,649,0,0,595,dire
117731777,0,0,0,0,0,3,1,205,13735,10717,37,0,False,4,0,1,27,8,1,3961040985,0,8,3,6,0,0,1,4,4,0.6296296,6642,8132,423,0,1,251,radiant
168028715,39,0,0,0,0,3,11,596,21362,0,12,5,False,4,5,1,73,162,1,3961040985,0,124,0,0,1,1,4,2,0,0.5925926,19310,21384,3190,1,1,660,radiant
157475523,3,0,4,0,8,6,3,465,23299,0,45,9,False,3,9,3,51,113,3,3961040985,0,25,1,1,2,0,3,0,1,0.8518519,15066,14288,5226,2,1,441,radiant
124936122,3,0,1,0,2,1,13,539,30005,0,25,8,False,11,8,2,82,166,2,3961040985,0,51,0,0,3,0,7,0,0,0.8518519,17463,20282,4093,1,1,626,radiant
138543123,0,0,2,0,6,3,5,298,11907,515,103,5,False,5,5,3,35,30,3,3961040985,0,9,0,5,4,0,9,0,9,0.7407407,9655,14936,466,0,1,461,radiant
849035415,0,1,1,0,3,4,2,190,6213,0,87,1,False,1,1,1,22,13,3,3961040985,0,0,4,8,128,0,7,2,4,0.5,6156,8132,14,0,0,251,dire
119576842,0,0,0,0,0,8,13,188,6522,560,51,1,False,1,1,3,32,26,1,3961040985,0,0,0,2,129,0,2,1,1,0.625,6091,6804,0,0,0,210,dire
90882159,14,0,2,0,5,5,6,395,12833,0,49,3,False,1,3,2,64,135,2,3961040985,0,46,0,1,130,0,0,0,0,0.4375,12798,13737,1506,2,0,424,dire
148215639,13,0,1,0,2,5,14,503,12959,0,52,7,False,2,7,3,78,156,1,3961040985,0,91,2,1,131,0,7,0,0,0.8125,16297,16200,1640,1,0,500,dire
111189717,3,0,0,0,0,6,5,407,10737,1381,57,3,False,1,3,1,65,126,3,3961040985,0,12,1,0,132,0,1,0,0,0.75,13186,12344,27,0,0,381,dire
91369376,29,1,0,0,0,6,14,518,15164,0,92,5,False,1,5,3,64,205,3,3961061756,0,82,1,0,0,1,2,1,0,0.65,20633,24218,2108,2,0,608,radiant
111291593,5,1,0,0,0,6,7,392,15868,0,38,9,False,1,9,1,79,121,1,3961061756,0,58,0,0,1,1,4,0,0,0.65,15614,16252,676,2,0,408,radiant
202217968,16,2,0,0,0,6,11,515,14118,0,49,2,False,1,2,2,72,231,2,3961061756,0,69,0,1,2,0,6,0,0,0.45,20514,20992,2073,1,0,527,radiant
103940975,2,0,2,0,4,4,13,249,15072,0,101,3,False,2,3,1,35,55,1,3961061756,0,24,0,3,3,0,6,1,1,0.55,9918,11551,147,0,0,290,radiant
103039499,0,0,1,0,3,8,2,205,5533,4463,85,1,False,1,1,3,31,19,3,3961061756,0,4,1,5,4,0,4,1,0,0.65,8165,11033,131,0,0,277,radiant
103275898,16,0,0,0,0,1,9,633,38624,0,67,12,False,14,12,3,60,190,1,3961061756,0,108,1,0,128,1,3,1,0,0.96666664,25214,27046,3329,5,1,679,dire
88585077,7,0,0,0,0,4,8,449,25511,0,106,8,False,4,8,2,66,133,2,3961061756,0,81,1,0,129,0,10,1,0,0.8,17885,23382,970,0,1,587,dire
164530809,0,0,0,0,0,3,0,403,13263,0,69,3,True,6,3,2,42,43,2,3961061756,0,57,1,4,130,0,3,0,1,0.8,16052,18801,836,0,1,472,dire
104652351,0,0,2,0,6,6,1,304,19534,6869,37,6,False,3,6,3,49,32,1,3961061756,0,8,4,9,131,0,5,2,1,0.8333333,12109,17566,526,0,1,441,dire
119594755,0,1,2,0,6,6,6,394,11877,3044,108,1,False,2,1,1,51,156,3,3961061756,0,37,0,0,132,0,5,0,0,0.5,15694,21310,1907,0,1,535,dire
117731777,1,0,0,0,0,2,6,231,5156,0,64,2,False,3,2,1,25,15,1,3961102532,0,10,1,2,0,0,3,0,4,0.39130434,5463,8821,796,0,1,373,radiant
168028715,11,0,0,0,0,2,15,479,4671,0,41,3,False,2,3,1,65,121,1,3961102532,0,42,0,0,1,0,1,1,0,0.26086956,11328,10760,502,1,1,455,radiant
157475523,11,0,1,0,4,0,23,584,14966,0,9,7,False,20,7,3,91,139,3,3961102532,0,58,0,0,2,0,3,0,0,0.8695652,13811,14142,2455,4,1,598,radiant
124936122,0,0,0,0,0,1,5,524,9827,100,21,8,False,5,8,2,85,114,2,3961102532,0,40,1,1,3,1,9,0,1,0.47826087,12392,13102,999,0,1,554,radiant
138543123,0,0,0,0,0,2,7,304,4087,2326,89,3,False,4,3,3,49,41,3,3961102532,0,8,1,3,4,0,7,1,2,0.5652174,7189,8537,0,0,1,361,radiant
468599935,7,0,0,0,0,7,7,361,6627,0,13,2,False,0,2,2,67,99,2,3961102532,0,30,0,0,128,0,0,0,0,0.5714286,8537,9672,0,0,0,409,dire
130140436,0,0,1,0,2,3,2,141,4559,400,103,0,False,0,0,3,29,12,1,3961102532,0,1,0,5,129,0,0,1,1,0.42857143,3334,4588,0,0,0,194,dire
103354522,0,0,1,0,1,5,7,158,5830,0,87,2,False,0,2,1,28,16,3,3961102532,0,0,0,6,130,0,3,0,2,0.71428573,3736,4635,0,0,0,196,dire
376376587,0,0,1,0,1,1,14,415,3275,0,10,2,False,1,2,1,61,125,3,3961102532,0,65,0,0,131,0,4,0,0,0.42857143,9814,9649,294,0,0,408,dire
342340720,0,0,3,0,8,7,4,280,4776,0,38,1,False,0,1,3,58,61,1,3961102532,0,40,1,0,132,0,1,1,2,0.2857143,6622,7142,91,0,0,302,dire
849035415,0,0,1,0,3,6,4,240,5823,2847,30,3,True,2,3,1,37,21,1,3961142758,0,12,3,8,0,0,4,4,9,0.5185185,11252,15002,64,1,1,320,radiant
119576842,0,0,0,0,0,6,1,262,8932,325,103,2,False,2,2,3,25,52,3,3961142758,0,9,0,1,1,0,4,0,4,0.6666667,12283,18190,0,0,1,388,radiant
90882159,22,0,1,0,5,5,13,621,19060,0,25,9,False,3,9,2,70,271,2,3961142758,0,163,0,1,2,0,15,0,0,0.7037037,29114,29958,4634,2,1,639,radiant
148215639,55,0,0,0,0,3,24,500,19227,0,44,6,False,4,6,1,60,176,1,3961142758,0,125,1,0,3,1,2,0,0,0.6666667,23441,27192,1779,1,1,580,radiant
111189717,3,0,0,0,0,4,9,565,15366,0,9,7,False,3,7,3,55,279,3,3961142758,0,69,4,0,4,0,10,3,1,0.6666667,26489,27520,1269,2,1,587,radiant
140153524,2,1,0,0,0,8,1,306,10291,0,52,3,False,2,3,1,45,79,3,3961142758,0,16,5,5,128,0,5,5,9,0.75,14346,17956,1940,3,0,383,dire
129958758,3,0,1,0,1,3,4,514,17761,240,106,10,False,3,10,2,69,246,2,3961142758,0,100,1,1,129,1,10,0,0,0.625,24098,29067,126,0,0,620,dire
156662698,20,0,0,0,0,4,20,358,9895,522,78,5,False,2,5,3,78,134,1,3961142758,0,99,1,0,130,0,6,1,0,0.5416667,16784,18050,210,0,0,385,dire
207829314,0,1,1,0,2,9,8,347,9383,921,21,4,False,1,4,3,32,164,1,3961142758,0,31,1,4,131,0,5,0,0,0.5,16268,16784,607,0,0,358,dire
130416036,46,0,1,0,3,3,20,431,11472,538,4,1,True,3,1,3,63,157,1,3961142758,0,163,0,0,132,0,2,1,0,0.5,20206,22832,859,1,0,487,dire
91369376,2,2,1,0,3,13,2,430,20615,0,43,7,False,1,7,1,67,194,1,3961146514,1,43,0,0,0,0,3,0,0,0.5714286,19242,19779,593,1,0,442,radiant
111291593,2,1,1,0,1,7,15,352,23049,0,65,4,False,2,4,3,72,118,3,3961146514,1,65,0,0,1,0,7,1,0,0.78571427,15752,20406,0,0,0,456,radiant
202217968,1,1,1,0,2,7,3,539,41429,200,106,9,False,2,9,2,58,246,2,3961146514,3,59,0,1,2,0,8,0,0,0.5714286,24120,27566,393,1,0,616,radiant
103940975,0,3,2,0,6,11,3,271,11111,1417,89,1,False,1,1,3,44,56,3,3961146514,1,60,0,4,3,0,5,1,1,0.5714286,12127,13648,30,0,0,305,radiant
103039499,0,1,0,0,0,7,3,313,16248,0,87,5,False,2,5,1,39,40,1,3961146514,1,12,8,10,4,0,2,2,12,0.75,14006,15841,0,0,0,354,radiant
397462905,0,1,1,0,2,5,9,502,29393,305,69,11,False,5,12,1,70,105,3,3961146514,0,35,2,0,128,0,3,2,0,0.7111111,22464,23180,153,0,1,518,dire
158847773,0,0,7,0,15,8,4,316,11836,15391,91,6,False,3,6,1,45,18,3,3961146514,0,33,2,8,129,0,17,2,1,0.6,14141,21345,354,1,1,477,dire
142974425,0,1,1,0,2,8,1,338,9041,0,26,6,False,2,6,3,36,32,1,3961146514,0,4,4,8,130,0,3,3,11,0.51111114,15125,18974,116,0,1,424,dire
255219872,10,0,0,0,0,6,22,570,31882,1666,4,11,False,4,11,2,69,250,2,3961146514,0,57,1,1,131,1,7,0,1,0.7111111,25507,26492,6217,2,1,592,dire
277742444,43,0,0,0,0,1,4,559,21224,0,77,9,False,15,9,3,64,155,1,3961146514,0,123,0,0,132,2,0,0,0,0.6666667,25015,27655,13665,4,1,618,dire
163587550,0,1,4,0,8,8,1,319,4885,1324,89,2,False,1,2,1,32,82,1,3961217248,0,5,2,1,0,0,10,1,7,0.45454547,13440,15210,60,0,1,361,radiant
171211166,25,1,0,0,0,3,22,654,22101,0,12,13,False,4,13,1,76,249,1,3961217248,0,100,1,0,1,0,3,1,0,0.72727275,27555,31094,2617,3,1,738,radiant
139031324,0,0,0,0,0,5,12,449,12126,0,69,3,False,2,3,3,52,83,3,3961217248,0,41,0,2,2,0,5,3,0,0.77272725,18917,19634,1307,1,1,466,radiant
108717482,0,2,1,0,2,6,1,284,10247,0,64,0,True,2,0,1,29,71,1,3961217248,0,0,4,7,3,0,4,5,14,0.6818182,11965,19002,1646,1,1,451,radiant
248941611,10,1,1,0,2,6,11,520,17548,0,43,4,False,2,4,2,65,186,2,3961217248,0,86,0,0,4,2,4,3,0,0.72727275,21909,26164,3008,2,1,621,radiant
342340720,34,0,1,0,1,3,20,486,29962,0,9,11,True,6,11,3,59,149,1,3961217248,0,126,0,1,128,0,7,1,0,0.85714287,20476,26080,1173,0,0,619,dire
468599935,10,1,2,0,5,6,32,625,30177,0,11,11,False,2,11,2,86,231,2,3961217248,0,217,1,0,129,0,2,1,0,0.71428573,26333,31937,2347,1,0,758,dire
376376587,17,1,2,0,3,4,14,428,11169,0,93,2,True,2,2,1,57,166,3,3961217248,0,107,3,0,130,0,10,7,7,0.39285713,18033,19971,296,1,0,474,dire
103354522,1,1,0,0,0,4,39,308,22542,363,51,2,True,4,2,2,36,110,2,3961217248,0,21,2,4,131,0,6,0,2,0.75,12977,19465,282,0,0,462,dire
130140436,2,2,3,0,8,5,1,239,7799,0,52,2,False,1,2,1,30,47,3,3961217248,0,16,1,1,132,0,3,2,5,0.39285713,10069,15336,409,0,0,364,dire
103275898,3,1,0,0,0,5,19,404,9540,0,12,5,False,1,5,1,68,102,1,3961219376,1,16,0,0,0,0,2,0,0,0.85714287,8288,7693,0,0,0,375,radiant
88585077,0,1,0,0,0,4,10,318,4251,0,39,0,False,0,0,2,55,92,2,3961219376,0,16,2,1,1,0,2,1,1,0.2857143,6524,7734,64,0,0,377,radiant
164530809,0,1,0,0,0,6,3,248,6197,573,69,0,True,0,0,3,47,19,3,3961219376,0,22,0,4,2,0,2,0,0,0.85714287,5088,4985,43,0,0,243,radiant
104652351,0,0,0,0,0,7,1,151,6905,0,87,0,False,0,0,1,26,6,1,3961219376,0,2,2,6,3,0,2,0,0,0.42857143,3098,4267,0,0,0,208,radiant
119594755,0,1,0,0,0,4,6,344,11566,0,29,2,False,0,2,3,66,76,3,3961219376,0,21,0,0,4,0,1,0,0,0.5714286,7057,7591,0,0,0,370,radiant
397462905,0,0,0,0,0,1,10,397,10353,200,78,5,False,9,5,1,56,71,3,3961219376,0,0,0,0,128,0,5,0,0,0.6923077,8145,8145,1170,0,1,397,dire
142974425,0,1,0,0,0,3,2,291,6259,1120,100,3,False,3,3,1,28,21,3,3961219376,0,0,1,4,129,0,1,0,0,0.5,5970,5929,57,1,1,289,dire
158847773,0,0,1,0,1,1,9,311,9593,0,3,5,False,8,5,3,45,23,1,3961219376,0,1,3,7,130,0,6,1,0,0.61538464,6380,6298,476,0,1,307,dire
255219872,0,0,0,0,0,1,17,483,15911,0,13,5,False,9,6,2,67,117,2,3961219376,0,4,0,0,131,0,0,0,0,0.65384614,9909,11448,1435,0,1,558,dire
277742444,9,0,0,0,0,1,9,537,9177,0,77,7,False,8,7,3,70,85,1,3961219376,0,37,0,0,132,0,1,0,0,0.61538464,11017,9437,11160,3,1,460,dire
117483894,0,1,0,0,0,6,4,393,31353,0,101,6,False,2,6,3,32,203,3,3961259644,0,18,0,4,0,0,12,0,2,0.5862069,25184,28837,0,0,0,450,radiant
92847434,0,3,0,1,0,11,22,315,7947,0,28,1,False,1,1,3,59,134,3,3961259644,0,24,7,0,1,0,15,0,0,0.6551724,20186,28965,313,0,0,452,radiant
113331514,1,3,0,0,0,13,7,240,11368,1976,85,1,False,1,1,1,24,53,1,3961259644,0,7,2,3,2,0,2,2,12,0.7241379,15380,21724,23,1,0,339,radiant
5150808,46,1,1,0,3,4,37,781,49525,0,39,14,False,4,14,2,71,598,2,3961259644,0,157,1,0,3,0,11,1,0,0.82758623,50049,42679,2432,2,0,666,radiant
96183976,15,2,2,0,4,8,20,439,31942,2270,54,8,False,1,7,1,82,271,1,3961259644,0,63,0,0,4,1,3,1,0,0.5862069,28132,31849,1539,2,0,497,radiant
182993582,0,0,0,0,0,4,3,363,24589,1443,52,7,True,5,7,1,32,109,3,3961259644,0,78,1,5,128,0,13,3,1,0.63414633,23262,29542,3811,1,1,461,dire
11550182,0,1,15,0,53,8,3,276,11219,0,79,3,False,3,5,3,30,31,1,3961259644,0,24,4,15,129,1,2,3,17,0.73170733,17687,28773,1050,2,1,449,dire
237238721,3,2,1,0,1,5,13,433,28779,0,43,4,False,4,4,2,55,209,2,3961259644,0,96,0,0,130,0,12,1,0,0.68292683,27748,33451,5790,3,1,522,dire
86870856,0,2,0,0,0,11,6,338,15330,0,16,3,False,2,3,1,48,139,3,3961259644,0,36,4,1,131,0,7,0,0,0.63414633,21660,26402,118,0,1,412,dire
175463659,57,0,0,0,0,1,17,795,62726,18859,8,22,False,17,22,3,55,424,1,3961259644,0,190,0,0,132,3,12,0,0,0.8292683,50946,36014,6992,4,1,562,dire
140153524,0,1,0,0,0,5,1,263,12208,0,3,4,False,3,4,3,35,12,3,3961276206,0,9,7,9,0,1,5,2,9,0.71875,15775,31371,730,0,0,523,radiant
129958758,8,1,1,0,3,4,12,623,24911,0,43,8,False,3,8,2,84,428,2,3961276206,0,62,0,1,1,1,9,0,0,0.46875,37369,34190,7828,3,0,570,radiant
156662698,30,1,1,0,1,7,15,406,27304,3280,104,11,False,2,11,1,59,115,1,3961276206,0,83,2,0,2,0,9,1,0,0.59375,24353,31071,3300,2,0,518,radiant
207829314,0,1,0,0,0,7,25,290,20606,767,51,4,True,2,4,2,30,101,2,3961276206,0,14,0,2,3,0,12,0,0,0.625,17395,22973,282,0,0,383,radiant
130416036,70,2,0,0,0,5,10,699,17355,400,12,5,False,3,5,3,77,318,3,3961276206,0,283,3,0,4,1,10,0,0,0.59375,41928,43068,2831,3,0,718,radiant
103275898,51,2,1,0,3,7,27,584,29965,2414,54,7,False,2,7,3,65,355,1,3961276206,0,180,1,0,128,0,6,5,0,0.64285713,35030,32211,1495,1,1,537,dire
88585077,8,0,2,0,5,3,5,471,80610,0,22,9,False,5,9,2,58,211,2,3961276206,0,88,4,0,129,0,10,4,0,0.8214286,28252,33170,406,0,1,553,dire
164530809,3,2,0,0,0,6,3,417,8113,242,89,0,False,3,0,1,30,207,3,3961276206,0,77,1,2,130,0,10,5,1,0.75,25013,25013,1724,0,1,417,dire
119594755,35,2,1,0,3,7,28,561,48415,0,9,10,False,3,10,1,67,310,3,3961276206,0,125,0,0,131,0,7,1,0,0.85714287,33650,34790,5435,5,1,580,dire
104652351,2,2,2,0,6,9,3,296,17585,0,87,2,False,2,2,3,35,34,1,3961276206,0,36,3,20,132,0,3,2,6,0.71428573,17755,23813,136,0,1,397,dire
108717482,0,2,0,0,0,14,2,311,13364,560,88,3,False,1,3,3,27,18,3,3961291740,0,2,6,10,0,0,13,8,16,0.42222223,16908,22181,0,0,1,408,radiant
139031324,0,1,0,0,0,8,8,439,24158,0,38,5,False,4,5,1,50,155,1,3961291740,0,81,2,1,1,0,12,3,0,0.8,23866,35120,2397,0,1,646,radiant
163587550,1,2,0,0,0,8,3,375,36579,0,101,11,False,3,11,1,45,62,1,3961291740,0,35,1,5,2,1,6,1,0,0.73333335,20387,29901,1054,2,1,550,radiant
171211166,37,1,0,0,0,6,11,585,47807,0,9,13,False,4,13,3,64,214,3,3961291740,0,143,1,0,3,0,9,2,0,0.75555557,31804,33381,5662,1,1,614,radiant
248941611,45,1,3,0,7,7,20,668,38478,0,11,13,False,4,13,2,103,264,2,3961291740,0,218,3,0,4,2,13,0,1,0.75555557,36316,36751,8286,4,1,676,radiant
849035415,3,1,1,0,3,12,3,256,10132,0,3,5,False,2,5,3,50,17,1,3961291740,0,7,8,6,128,0,1,2,15,0.74418604,13917,27727,0,0,0,510,dire
119576842,0,2,2,0,9,9,0,265,19467,0,103,3,False,2,3,1,35,62,3,3961291740,1,2,0,2,129,0,2,0,0,0.627907,14407,23105,0,0,0,425,dire
90882159,7,1,1,0,2,9,8,428,22304,0,49,9,False,2,9,2,72,218,2,3961291740,2,64,2,2,130,0,7,1,1,0.5813953,23268,29792,2415,2,0,548,dire
148215639,16,1,0,0,0,7,19,744,38115,0,52,16,False,4,16,3,71,490,1,3961291740,6,114,1,0,131,0,6,5,0,0.76744187,40448,33054,2422,3,0,608,dire
111189717,5,1,0,0,0,8,16,434,21953,1145,78,9,False,3,9,1,64,195,3,3961291740,5,34,1,0,132,0,5,3,0,0.627907,23595,33218,61,0,0,611,dire
